Manufacturer,Part_Number,Part_Description,Input_Voltage,Input_Voltage_Type,Input_Current,Inrush_Current,Recommended_Protection_Device_Rating_MCB_C_curve,IP_wire_size_AWG,IP_wire_size_Sq_mm,Output_Voltage,Output_Current,Output_Rating,Power_factor,Output_Protection_Device_Rating,OP_Wire_size_AWG,OP_wire_size_Sq_mm,Power_Loss_watt,Efficiency,Dimension_W_x_H_x_D,Certifications,Temp,Hazardous_Location
"Manufacturer as "" Manufacturer"",","Part_Number as "" Part Number"",","Part_Description as "" Part Description"",","Input_Voltage as "" Input Voltage"",","Input_Voltage_Type as "" Input Voltage Type"",","Input_Current as "" Input Current"",","Inrush_Current as "" Inrush Current"",","Recommended_Protection_Device_Rating_MCB_C_curve as "" Recommended Protection Device Rating MCB C curve"",","IP_wire_size_AWG as "" IP wire size AWG"",","IP_wire_size_Sq_mm as "" IP wire size Sq mm"",","Output_Voltage as "" Output Voltage"",","Output_Current as "" Output Current"",","Output_Rating as "" Output Rating"",","Power_factor as "" Power factor"",","Output_Protection_Device_Rating as "" Output Protection Device Rating"",","OP_Wire_size_AWG as "" OP Wire size AWG"",","OP_wire_size_Sq_mm as "" OP wire size Sq mm"",","Power_Loss_watt as "" Power Loss watt"",","Efficiency as "" Efficiency"",","Dimension_W_x_H_x_D as "" Dimension W x H x D"",","Certifications as "" Certifications"",","Temp as "" Temp"",","Hazardous_Location as "" Hazardous Location"","
Manufacturer,Part Number,Part Description,Input Voltage,Input Voltage Type,Input Current,Inrush Current,Recommended Protection Device Rating MCB C curve,IP wire size AWG,IP wire size Sq mm,Output Voltage,Output Current,Output Rating,Power factor,Output Protection Device Rating,OP Wire size AWG,OP wire size Sq mm,Power Loss watt,Efficiency,Dimension W x H x D,Certifications,Temp,Hazardous Location
Rockwell,1606-XLS80E,"Performance Power Supply, 24-28V DC, 80 W, 120/240V AC / 110-300V DC Input Voltage",120,AC,1.42,5,6,14,2.5,24,3.4,80,0.53,4,14,2.5,10.4,88.7,32 x 124 x 102,"UL,IEC,DNV GL,ABS,EAC",-25…+70,Class I Div. 2
Rockwell,1606-XLS80E,"Performance Power Supply, 24-28V DC, 80 W, 120/240V AC / 110-300V DC Input Voltage",230,AC,0.82,10,6,14,2.5,24,3.4,80,0.47,4,14,2.5,9.1,90,32 x 124 x 102,"UL,IEC,DNV GL,ABS,EAC",-25…+70,Class I Div. 2
Rockwell,1606-XLS80E,"Performance Power Supply, 24-28V DC, 80 W, 120/240V AC / 110-300V DC Input Voltage",110,DC,0.8,-,6,16,1.5,24,3.4,80,-,4,14,2.5,-,-,32 x 124 x 102,"UL,IEC,DNV GL,ABS,EAC",-25…+70,Class I Div. 2
Rockwell,1606-XLS120E,"Performance Power Supply, 24-48V DC, 120 W, 120/240V AC / 110-300V DC Input Voltage",120,AC,1.1,9,3,14,2.5,24,5,120,0.99,5,14,2.5,11,91.6,40 x 124 x 117,"CE,UL,IEC,DNV GL,ABS,EAC",-25…+70,Class I Div. 2
Rockwell,1606-XLS120E,"Performance Power Supply, 24-48V DC, 120 W, 120/240V AC / 110-300V DC Input Voltage",230,AC,0.62,11,3,14,2.5,24,5,120,0.91,5,14,2.5,9.4,92.7,40 x 124 x 117,"CE,UL,IEC,DNV GL,ABS,EAC",-25…+70,Class I Div. 2
Rockwell,1606-XLS120E,"Performance Power Supply, 24-48V DC, 120 W, 120/240V AC / 110-300V DC Input Voltage",110,DC,1.19,-,3,16,1.5,24,5,120,-,5,14,2.5,-,-,40 x 124 x 117,"CE,UL,IEC,DNV GL,ABS,EAC",-25…+70,Class I Div. 2
Rockwell,1606-XLS240E,"Performance Power Supply, 24-28V DC, 240 W, 120/240V AC / 100-150V DC Input Voltage",120,AC,2.22,4,4,14,2.5,24,10,240,0.98,10,14,2.5,20,92.3,60 x 124 x 117,"CE,UL,IEC,DNV GL,ABS,EAC",-25…+70,Class I Div. 2
Rockwell,1606-XLS240E,"Performance Power Supply, 24-28V DC, 240 W, 120/240V AC / 100-150V DC Input Voltage",230,AC,1.22,7,4,14,2.5,24,10,240,0.92,10,14,2.5,18.1,93,60 x 124 x 117,"CE,UL,IEC,DNV GL,ABS,EAC",-25…+70,Class I Div. 2
Rockwell,1606-XLS240E,"Performance Power Supply, 24-28V DC, 240 W, 120/240V AC / 100-150V DC Input Voltage",110,DC,2.37,-,4,16,1.5,24,10,240,-,10,14,2.5,-,-,60 x 124 x 117,"CE,UL,IEC,DNV GL,ABS,EAC",-25…+70,Class I Div. 2
Rockwell,1606-XLS480E,"Performance Power Supply, 24-48V DC, 480 W, 120/240V AC / 110-300V DC Input Voltage",120,AC,4.56,9,10,14,2.5,24,20,480,0.95,20,14,2.5,39.6,92.4,82 x 124 x 127,"CE,UL,IEC,DNV GL,ABS,EAC",-25…+70,Class I Div. 2
Rockwell,1606-XLS480E,"Performance Power Supply, 24-48V DC, 480 W, 120/240V AC / 110-300V DC Input Voltage",230,AC,2.48,7,10,14,2.5,24,20,480,0.9,20,14,2.5,31.4,93.9,82 x 124 x 127,"CE,UL,IEC,DNV GL,ABS,EAC",-25…+70,Class I Div. 2
Rockwell,1606-XLS480E,"Performance Power Supply, 24-48V DC, 480 W, 120/240V AC / 110-300V DC Input Voltage",110,DC,4.7,-,10,16,1.5,24,20,480,-,20,14,2.5,-,-,82 x 124 x 127,"CE,UL,IEC,DNV GL,ABS,EAC",-25…+70,Class I Div. 2
Rockwell,1606-XLS960E,"Performance Power Supply, 24-28V DC, 960 W, 1-Phase 100-240V AC Input Voltage",120,AC,8.6,17,16,14,2.5,24,40,960,0.99,40,8,10,65.6,93.6,125 x 124 x 127,"CE,UL,IEC,IECEx,ATEX,DNV GL,ABS,EAC",-25…+70,Class I Div. 2
Rockwell,1606-XLS960E,"Performance Power Supply, 24-28V DC, 960 W, 1-Phase 100-240V AC Input Voltage",230,AC,4.5,11,16,14,2.5,24,40,960,0.99,40,8,10,54.8,94.6,125 x 124 x 127,"CE,UL,IEC,IECEx,ATEX,DNV GL,ABS,EAC",-25…+70,Class I Div. 2
Rockwell,1606-XLS960F,"Performance Power Supply, 48-56 DC, 960 W, 100-240V AC Input Voltage",120,AC,8.6,17,16,14,2.5,48,20,960,0.99,20,14,2.5,62.4,93.9,125 x 124 x 127,"CE,UL,IEC,IECEx,ATEX,DNV GL,ABS,EAC",-25…+70,Class I Div. 2
Rockwell,1606-XLS960F,"Performance Power Supply, 48-56 DC, 960 W, 100-240V AC Input Voltage",230,AC,4.5,11,16,14,2.5,48,20,960,0.99,20,14,2.5,50.5,95,125 x 124 x 127,"CE,UL,IEC,IECEx,ATEX,DNV GL,ABS,EAC",-25…+70,Class I Div. 2
Rockwell,1606-XLS120EA,"Performance Power Supply, 24-48V DC, 120 W, 120/240V AC / 110-300V DC Input Voltage",120,AC,1.4,9,3,14,2.5,24,5,120,0.99,5,14,2.5,11,91.6,40 x 124 x 117,"CE,UL,IEC,IECEx,ATEX,DNV GL,ABS,EAC",-25…+70,Class I Div. 2
Rockwell,1606-XLS120EA,"Performance Power Supply, 24-48V DC, 120 W, 120/240V AC / 110-300V DC Input Voltage",230,AC,0.65,11,3,14,2.5,24,5,120,0.91,5,14,2.5,9.4,92.7,40 x 124 x 117,"CE,UL,IEC,IECEx,ATEX,DNV GL,ABS,EAC",-25…+70,Class I Div. 2
Rockwell,1606-XLS180B,"Performance Power Supply, 10-12V/12-15V DC, 180 W, 120/240V AC Input Voltage",120,AC,1.65,4,4,14,2.5,12,15,180,0.98,15,14,2.5,16.7,91.5,60 x 124 x 117,"CE,UL,IEC,DNV GL,ABS,EAC",-25…+70,Class I Div. 2
Rockwell,1606-XLS180B,"Performance Power Supply, 10-12V/12-15V DC, 180 W, 120/240V AC Input Voltage",230,AC,0.93,7,4,14,2.5,12,15,180,0.92,15,14,2.5,16.1,91.8,60 x 124 x 117,"CE,UL,IEC,DNV GL,ABS,EAC",-25…+70,Class I Div. 2
Rockwell,1606-XLS240EA,"Performance Power Supply, 24-28V DC, 240 W, 120/240V AC / 110-300V DC Input Voltage",120,AC,2.22,4,4,14,2.5,24,10,240,0.92,10,14,2.5,16.7,93.5,60 x 124 x 117,"CE,UL,IEC,IECEx,ATEX,DNV GL,ABS,EAC",-25…+70,Class I Div. 2
Rockwell,1606-XLS240EA,"Performance Power Supply, 24-28V DC, 240 W, 120/240V AC / 110-300V DC Input Voltage",230,AC,1.22,7,4,14,2.5,24,10,240,0.92,10,14,2.5,16.7,,60 x 124 x 117,"CE,UL,IEC,IECEx,ATEX,DNV GL,ABS,EAC",-25…+70,Class I Div. 2
Rockwell,1606-XLS240EC,"Performance Power Supply w/ Conformal Coating, 24-28V DC, 240 W, 120/240V AC / 110-300V DC Input Voltage",120,AC,2.22,4,4,14,2.5,24,10,240,0.92,10,14,2.5,16.7,93.5,60 x 124 x 117,"CE,UL,IEC,DNV GL,ABS,EAC",-25…+70,Class I Div. 2
Rockwell,1606-XLS240EC,"Performance Power Supply w/ Conformal Coating, 24-28V DC, 240 W, 120/240V AC / 110-300V DC Input Voltage",230,AC,1.22,7,4,14,2.5,24,10,240,0.92,10,14,2.5,16.7,,60 x 124 x 117,"CE,UL,IEC,DNV GL,ABS,EAC",-25…+70,Class I Div. 2
Rockwell,1606-XLS240F,"Performance Power Supply, 48-56V DC, 240 W, 120/240V AC Input Voltage",120,AC,2.22,4,4,14,2.5,48,5,240,0.92,5,14,2.5,20.9,92,60 x 124 x 117,"CE,UL,IEC,DNV GL,ABS,EAC",-25…+70,Class I Div. 2
Rockwell,1606-XLS240F,"Performance Power Supply, 48-56V DC, 240 W, 120/240V AC Input Voltage",230,AC,1.22,7,4,14,2.5,48,5,240,0.92,5,14,2.5,20.9,,60 x 124 x 117,"CE,UL,IEC,DNV GL,ABS,EAC",-25…+70,Class I Div. 2
Rockwell,1606-XLS240K,"Performance Power Supply, 28-32V DC, 240 W, 120/240V AC Input Voltage",120,AC,2.22,4,4,14,2.5,30,8,240,0.98,8,14,2.5,20,92.3,60 x 124 x 117,"CE,UL,IEC,DNV GL,ABS,EAC",-25…+70,Class I Div. 2
Rockwell,1606-XLS240K,"Performance Power Supply, 28-32V DC, 240 W, 120/240V AC Input Voltage",230,AC,1.22,7,4,14,2.5,30,8,240,0.92,8,14,2.5,18.1,93,60 x 124 x 117,"CE,UL,IEC,DNV GL,ABS,EAC",-25…+70,Class I Div. 2
Rockwell,1606-XLS240K,"Performance Power Supply, 28-32V DC, 240 W, 120/240V AC Input Voltage",110,DC,2.37,-,4,16,1.5,30,8,240,-,8,14,2.5,-,-,60 x 124 x 117,"CE,UL,IEC,DNV GL,ABS,EAC",-25…+70,Class I Div. 2
Rockwell,1606-XLS480EA,"Performance Power Supply, 24-28V DC, 480 W, 120/240V AC / 110-300V DC Input Voltage",120,AC,4.6,9,10,14,2.5,24,20,480,0.9,20,14,2.5,31.4,92.4,82 x 124 x 127,"CE,UL,IEC,IECEx,ATEX,DNV GL,ABS,EAC",-25…+70,Class I Div. 2
Rockwell,1606-XLS480EA,"Performance Power Supply, 24-28V DC, 480 W, 120/240V AC / 110-300V DC Input Voltage",230,AC,2.5,7,10,14,2.5,24,20,480,0.9,20,14,2.5,31.4,,82 x 124 x 127,"CE,UL,IEC,IECEx,ATEX,DNV GL,ABS,EAC",-25…+70,Class I Div. 2
Rockwell,1606-XLS480EC,"Performance Power Supply w/ Conformal Coating, 24-48V DC, 480 W, 120/240V AC Input Voltage",120,AC,4.56,9,10,14,2.5,24,20,480,0.95,20,14,2.5,39.6,92.4,82 x 124 x 127,"CE,UL,IEC,DNV GL,ABS,EAC",-25…+70,Class I Div. 2
Rockwell,1606-XLS480EC,"Performance Power Supply w/ Conformal Coating, 24-48V DC, 480 W, 120/240V AC Input Voltage",230,AC,2.48,7,10,14,2.5,24,20,480,0.9,20,14,2.5,31.4,93.9,82 x 124 x 127,"CE,UL,IEC,DNV GL,ABS,EAC",-25…+70,Class I Div. 2
Rockwell,1606-XLS480EC,"Performance Power Supply w/ Conformal Coating, 24-48V DC, 480 W, 120/240V AC Input Voltage",110,DC,4.7,-,10,16,1.5,24,20,480,-,20,14,2.5,-,-,82 x 124 x 127,"CE,UL,IEC,DNV GL,ABS,EAC",-25…+70,Class I Div. 2
Rockwell,1606-XLS480EE,"Performance Power Supply, 24-48V DC, 480 W, 240V AC Input Voltage",230,AC,4.45,40,10,14,2.5,24,20,480,0.5,20,14,25,28.3,94.5,70 x 124 x 127,"CE,UL,IEC,DNV GL,ABS,EAC",-25…+70,Class I Div. 2
Rockwell,1606-XLS480F,"Performance Power Supply, 48-56V DC, 480 W, 120/240V AC Input Voltage",120,AC,4.6,9,10,14,2.5,48,20,480,0.95,10,14,2.5,37.2,92.8,82 x 124 x 127,"CE,UL,IEC,DNV GL,ABS,EAC",-25…+70,Class I Div. 2
Rockwell,1606-XLS480F,"Performance Power Supply, 48-56V DC, 480 W, 120/240V AC Input Voltage",230,AC,2.5,7,10,14,2.5,48,20,480,0.9,10,14,2.5,29,94.3,82 x 124 x 127,"CE,UL,IEC,DNV GL,ABS,EAC",-25…+70,Class I Div. 2
Rockwell,1606-XLS480G,"Performance Power Supply, 36-43V DC, 480 W, 120/240V AC Input Voltage",120,AC,4.56,9,10,14,2.5,36,13.3,480,0.9,14,14,25,30.6,94,82 x 124 x 127,"CE,UL,IEC,DNV GL,ABS,EAC",-25…+70,Class I Div. 2
Rockwell,1606-XLS480G,"Performance Power Supply, 36-43V DC, 480 W, 120/240V AC Input Voltage",230,AC,2.48,7,10,14,2.5,36,13.3,480,0.9,14,14,25,30.6,94,82 x 124 x 127,"CE,UL,IEC,DNV GL,ABS,EAC",-25…+70,Class I Div. 2
Rockwell,1606-XLS480G,"Performance Power Supply, 36-43V DC, 480 W, 120/240V AC Input Voltage",110,DC,4.7,-,10,16,1.5,36,13.3,480,0.9,14,14,25,30.6,94,82 x 124 x 127,"CE,UL,IEC,DNV GL,ABS,EAC",-25…+70,Class I Div. 2
Rockwell,1606-XLS960EE,"Performance Power Supply, 24-28V DC, 960 W, 1-Phase 240V AC Input Voltage",230,AC,4.6,14,8,14,2.5,24,40,960,0.96,40,8,10,54.8,94.6,125 x 124 x 127,"CE,UL,IEC,DNV GL,ABS,EAC",-25…+70,Class I Div. 2
Rockwell,1606-XLSDNET4,"Performance Power Supply (for DeviceNet), 24-48V DC, 91 W, 120/240V AC / 110-300V DC Input Voltage",120,AC,0.85,9,3,14,2.5,24,3.8,91.2,0.98,4,14,25,8.6,92,40 x 124 x 117,"CE,UL,IEC,DNV GL,ABS,EAC,NEC",-25…+70,Class I Div. 2
Rockwell,1606-XLSDNET4,"Performance Power Supply (for DeviceNet), 24-48V DC, 91 W, 120/240V AC / 110-300V DC Input Voltage",230,AC,0.48,11,3,14,2.5,24,3.8,91.2,0.9,4,14,25,7.9,92,40 x 124 x 117,"CE,UL,IEC,DNV GL,ABS,EAC,NEC",-25…+70,Class I Div. 2
Rockwell,1606-XLSDNET4,"Performance Power Supply (for DeviceNet), 24-48V DC, 91 W, 120/240V AC / 110-300V DC Input Voltage",110,DC,0.91,-,3,16,1.5,24,3.8,91.2,,4,14,25,,,40 x 124 x 117,"CE,UL,IEC,DNV GL,ABS,EAC,NEC",-25…+70,Class I Div. 2
Rockwell,1606-XLSDNET8,"Performance Power Supply (for DeviceNet), 24-48V DC, 192 W, 120/240V AC / 110-300V DC Input Voltage",120,AC,1.77,4,4,14,2.5,24,8,192,0.98,8,14,25,16,92.3,60 x 124 x 117,"CE,UL,IEC,DNV GL,ABS,EAC",-25…+70,Class I Div. 2
Rockwell,1606-XLSDNET8,"Performance Power Supply (for DeviceNet), 24-48V DC, 192 W, 120/240V AC / 110-300V DC Input Voltage",230,AC,1,7,4,14,2.5,24,8,192,0.92,8,14,25,15.1,92.7,60 x 124 x 117,"CE,UL,IEC,DNV GL,ABS,EAC",-25…+70,Class I Div. 2
Rockwell,1606-XLSDNET8,"Performance Power Supply (for DeviceNet), 24-48V DC, 192 W, 120/240V AC / 110-300V DC Input Voltage",110,DC,1.9,-,4,16,1.5,24,8,192,,8,14,25,,,60 x 124 x 117,"CE,UL,IEC,DNV GL,ABS,EAC",-25…+70,Class I Div. 2
Rockwell,1606-XLS480E-D,"Performance Power Supply, 24-28V DC, 480 W, 600VDC Input Voltage",600,DC,-,-,-,-,-,24,20,480,,20,14,25,25.5,95,65 x 124 x 127,"CE,UL,EAC",-25…+70,
Rockwell,1606-XLS960FE,"Performance Power Supply, 48-56 DC, 960 W, 240V AC Input Voltage",230,AC,4.6,14,8,14,2.5,48,20,960,0.96,20,14,25,50.5,95,125 x 124 x 127,"CE,UL,EAC",-25…+70,
Rockwell,1606-XLE80E,"Essential Power Supply, 24-28V DC, 80 W, 120/240V AC Input Voltage",120,AC,1.5,23,6,14,2.5,24,3.3,80,0.61,4,14,2.5,11.1,88,32 x 124 x 102,"CE,UL",-25…+70,
Rockwell,1606-XLE80E,"Essential Power Supply, 24-28V DC, 80 W, 120/240V AC Input Voltage",230,AC,0.68,45,6,14,2.5,24,3.3,80,0.56,4,14,2.5,9.1,89.8,32 x 124 x 102,"CE,UL",-25…+70,
Rockwell,1606-XLE120E,"Essential Power Supply, 24-28V DC, 120 W, 120/240V AC Input Voltage",120,AC,2.05,3,6,14,2.5,24,5,120,0.56,5,14,2.5,14.5,89.4,32 x 124 x 102,"CE,UL,IEC,EAC",-25…+70,
Rockwell,1606-XLE120E,"Essential Power Supply, 24-28V DC, 120 W, 120/240V AC Input Voltage",230,AC,1.23,3,6,14,2.5,24,5,120,0.47,5,14,2.5,13.2,90.2,32 x 124 x 102,"CE,UL,IEC,EAC",-25…+70,
Rockwell,1606-XLE120E-2,"Essential Power Supply, 24-28V DC, 120W, Single-Phase 380-480V AC Input Voltage",400,AC,0.75,4,3,14,2.5,24,5,120,0.45,5,14,2.5,12.7,90.4,40 x 124 x 117,"CE,UL,IEC,DNV GL,ABS,EAC",-25…+70,Class I Div. 2
Rockwell,1606-XLE120E-2,"Essential Power Supply, 24-28V DC, 120W, Single-Phase 380-480V AC Input Voltage",480,AC,0.68,4,3,14,2.5,24,5,120,0.43,5,14,2.5,13.3,90,40 x 124 x 117,"CE,UL,IEC,DNV GL,ABS,EAC",-25…+70,
Rockwell,1606-XLE120EC,"Essential Power Supply w/ Conformal Coating, 24-28V DC, 120 W, 120/240V AC Input Voltage",120,AC,2.05,3,6,14,2.5,24,5,120,0.56,5,14,2.5,14.5,89.4,32 x 124 x 102,CE,-25…+70,
Rockwell,1606-XLE120EC,"Essential Power Supply w/ Conformal Coating, 24-28V DC, 120 W, 120/240V AC Input Voltage",230,AC,1.23,3,6,14,2.5,24,5,120,0.47,5,14,2.5,13.2,90.2,32 x 124 x 102,CE,-25…+70,
Rockwell,1606-XLE120EE,"Essential Power Supply, 24-28V DC, 120 W, 240V AC Input Voltage",230,AC,2.2,48,10,14,2.5,24,10,120,0.52,5,14,25,23.4,91.3,62 x 124 x 117,"CE,UL",-10…+70,
Rockwell,1606-XLE120EN,"Essential Power Supply, 24-28V DC, 120 W, 120V AC Input Voltage",120,AC,1.94,45,10,14,2.5,24,5,120,0.59,5,14,25,13.5,90,32 x 124 x 117,"CE,UL",-10…+70,
Rockwell,1606-XLE240E,"Essential Power Supply, 24-28V DC, 240 W, 120/240V AC Input Voltage",120,AC,3.73,3,6,14,2.5,24,10,240,0.59,10,14,2.5,23.7,91,60 x 124 x 117,"CE,UL,IEC,IECEx,ATEX,DNV GL,,EAC",-25…+70,Class I Div. 2
Rockwell,1606-XLE240E,"Essential Power Supply, 24-28V DC, 240 W, 120/240V AC Input Voltage",230,AC,2.23,3,6,14,2.5,24,10,240,0.51,10,14,2.5,22,91.6,60 x 124 x 117,"CE,UL,IEC,IECEx,ATEX,DNV GL,,EAC",-25…+70,Class I Div. 2
Rockwell,1606-XLE240EE,"Essential Power Supply, 24-28V DC, 240 W, 240V AC Input Voltage",230,AC,2.2,48,6,14,2.5,24,10,240,0.52,10,14,25,23.4,91.3,60 x 124 x 117,"CE,UL",0…70,
Rockwell,1606-XLE240EN,"Essential Power Supply, 24-28V DC, 240 W, 120V AC Input Voltage",120,AC,3.84,85,10,14,2.5,24,10,240,0.57,10,14,25,23.4,91.3,60 x 124 x 117,"CE,UL",0…70,
Rockwell,1606-XLE240EP,"Essential Power Supply w/ Power Factor Correction, 24-28V DC, 240 W, 120/240V AC Input Voltage",120,AC,3.73,3,6,14,2.5,24,10,240,0.59,10,14,2.5,23.7,91,60 x 124 x 117,"CE,UL,IEC,IECEx,ATEX,DNV GL,,EAC",-25…+70,Class I Div. 2
Rockwell,1606-XLE240EP,"Essential Power Supply w/ Power Factor Correction, 24-28V DC, 240 W, 120/240V AC Input Voltage",230,AC,2,3,6,14,2.5,24,10,240,0.57,10,14,2.5,23.2,91.2,60 x 124 x 117,"CE,UL,IEC,IECEx,ATEX,DNV GL,,EAC",-25…+70,Class I Div. 2
Rockwell,1606-XLE240F,"Essential Power Supply, 48-52V DC, 240 W, 120/240V AC Input Voltage",120,AC,3.73,3,6,14,2.5,48,5,240,0.59,5,14,25,23.7,91,60 x 124 x 117,"CE,UL",-25…+70,
Rockwell,1606-XLE240F,"Essential Power Supply, 48-52V DC, 240 W, 120/240V AC Input Voltage",230,AC,2.23,3,6,14,2.5,48,5,240,0.51,5,14,25,22,91.6,60 x 124 x 117,"CE,UL",-25…+70,
Rockwell,1606-XLE480EP,"Essential Power Supply w/ Power Factor Correction, 24V DC, 480 W, 120/240V AC Input Voltage",120,AC,4.26,10,10,14,2.5,24,20,480,0.99,20,14,25,29.6,94.2,48 x 124 x 127,"CE,UL,IEC,IECEx,ATEX,EAC",-25…+70,Class I Div. 2
Rockwell,1606-XLE480EP,"Essential Power Supply w/ Power Factor Correction, 24V DC, 480 W, 120/240V AC Input Voltage",230,AC,2.23,4.5,10,14,2.5,24,20,480,0.98,20,14,25,22.1,95.6,48 x 124 x 127,"CE,UL,IEC,IECEx,ATEX,EAC",-25…+70,Class I Div. 2
Rockwell,1606-XLE480EP,"Essential Power Supply w/ Power Factor Correction, 24V DC, 480 W, 120/240V AC Input Voltage",110,DC,4.64,,10,16,1.5,24,20,480,,20,14,25,,,48 x 124 x 127,"CE,UL,IEC,IECEx,ATEX,EAC",-25…+70,Class I Div. 2
Rockwell,1606-XLE480EPC,"Essential Power Supply, w/ Conformal Coating, w/ Power Factor Correction, 24V DC, 480 W, 120/240V AC Input Voltage",120,AC,4.26,10,10,14,2.5,24,20,480,0.99,20,14,25,29.6,94.2,48 x 124 x 127,"CE,UL,IEC,IECEx,ATEX,EAC",-25…+70,Class I Div. 2
Rockwell,1606-XLE480EPC,"Essential Power Supply, w/ Conformal Coating, w/ Power Factor Correction, 24V DC, 480 W, 120/240V AC Input Voltage",230,AC,2.23,4.5,10,14,2.5,24,20,480,0.98,20,14,25,22.1,95.6,48 x 124 x 127,"CE,UL,IEC,IECEx,ATEX,EAC",-25…+70,Class I Div. 2
Rockwell,1606-XLE480EPC,"Essential Power Supply, w/ Conformal Coating, w/ Power Factor Correction, 24V DC, 480 W, 120/240V AC Input Voltage",110,DC,4.64,,10,16,1.5,24,20,480,,20,14,25,,,48 x 124 x 127,"CE,UL,IEC,IECEx,ATEX,EAC",-25…+70,Class I Div. 2
Rockwell,1606-XLE960DX-3N,"Essential Power Supply, 24V DC Semi-regulated, 960 W, 400V AC input",400,AC,1.4,2,3,14,2.5,24,40,960,0.93,40,8,10,45.2,95.5,96 x 124 x 159,"CE,UL,IEC,EAC",-25…+70,-
Rockwell,1606-XLE960MX-3N,"Essential Power Supply, 48V DC Semi-regulated, 960 W, 400V AC input",400,AC,3 x 1.40,2,3,14,2.5,48,20,960,0.93,20,14,2.5,40,96,96 x 124 x 159,"CE,UL,IEC,EAC",-25…+70,
Rockwell,1606-XLE960MX-3N,"Essential Power Supply, 48V DC Semi-regulated, 960 W, 400V AC input",480,AC,3 x 1.40,2,3,14,2.5,48,20,960,0.93,20,14,2.5,40,96,97 x 124 x 159,"CE,UL,IEC,EAC",-25…+70,
Rockwell,1606-XLE480ERL,"Essential Power Supply, w/ Integrated Decoupling Function 24V DC, 480 W, 100-240V AC Input Voltage",120,AC,4.28,10,10,14,2.5,24,20,480,0.99,20,14,25,31.7,93.8,48 x 124 x 127,"CE,UL,IEC,IECEx,ATEX,EAC",-40…+70,Class I Div. 2
Rockwell,1606-XLE480ERL,"Essential Power Supply, w/ Integrated Decoupling Function 24V DC, 480 W, 100-240V AC Input Voltage",230,AC,2.25,4.5,10,14,2.5,24,20,480,0.98,20,14,25,24.2,95.2,49 x 124 x 127,"CE,UL,IEC,IECEx,ATEX,EAC",-40…+70,Class I Div. 2
Rockwell,1606-XLE480ERL,"Essential Power Supply, w/ Integrated Decoupling Function 24V DC, 480 W, 100-240V AC Input Voltage",110,DC,4.64,,10,16,1.5,24,20,480,,20,14,25,,,50 x 124 x 127,"CE,UL,IEC,IECEx,ATEX,EAC",-40…+70,Class I Div. 2
Rockwell,1606-XLE480ERZ,"Essential Power Supply, w/ Integrated Decoupling Function 24V DC, 480 W, 100-240V AC Input Voltage",120,AC,4.28,10,10,14,2.5,24,20,480,0.99,20,14,25,31.7,93.8,48 x 124 x 127,"CE,UL,IEC,IECEx,ATEX,EAC",-40…+70,Class I Div. 2
Rockwell,1606-XLE480ERZ,"Essential Power Supply, w/ Integrated Decoupling Function 24V DC, 480 W, 100-240V AC Input Voltage",230,AC,2.25,4.5,10,14,2.5,24,20,480,0.98,20,14,25,24.2,95.2,49 x 124 x 127,"CE,UL,IEC,IECEx,ATEX,EAC",-40…+70,Class I Div. 2
Rockwell,1606-XLE480ERZ,"Essential Power Supply, w/ Integrated Decoupling Function 24V DC, 480 W, 100-240V AC Input Voltage",110,DC,4.64,,10,16,1.5,24,20,480,,20,14,25,,,50 x 124 x 127,"CE,UL,IEC,IECEx,ATEX,EAC",-40…+70,Class I Div. 2
Rockwell,1606-XLE480ECRZ,"Essential Power Supply, w/ Integrated Decoupling Function 24V DC, 480 W, 100-240V AC Input Voltage",120,AC,4.28,10,10,14,2.5,24,20,480,0.99,20,14,2.5,31.7,93.8,48 x 124 x 127,"CE,UL,IEC,IECEx,ATEX",-40…+70,Class I Div. 2
Rockwell,1606-XLE480ECRZ,"Essential Power Supply, w/ Integrated Decoupling Function 24V DC, 480 W, 100-240V AC Input Voltage",230,AC,2.25,4.5,10,14,2.5,24,20,480,0.98,20,14,2.5,24.2,95.2,49 x 124 x 127,"CE,UL,IEC,IECEx,ATEX",-40…+70,Class I Div. 2
Rockwell,1606-XLE480ECRZ,"Essential Power Supply, w/ Integrated Decoupling Function 24V DC, 480 W, 100-240V AC Input Voltage",110,DC,4.64,,10,16,1.5,24,20,480,,20,14,2.5,,,50 x 124 x 127,"CE,UL,IEC,IECEx,ATEX",-40…+70,Class I Div. 2
Rockwell,1606-XLE480EL,"Essential Power Supply, 24-28V DC, 480 W, 100-240V AC Input Voltage",120,AC,4.26,10,10,14,2.5,24,20,480,0.99,20,14,25,29.6,94.2,48 x 124 x 127,"CE,UL,IEC,IECEx,ATEX,EAC",-25…+70,Class I Div. 2
Rockwell,1606-XLE480EL,"Essential Power Supply, 24-28V DC, 480 W, 100-240V AC Input Voltage",230,AC,2.23,4.5,10,14,2.5,24,20,480,0.98,20,14,25,22.1,95.6,49 x 124 x 127,"CE,UL,IEC,IECEx,ATEX,EAC",-25…+70,Class I Div. 2
Rockwell,1606-XLE480EL,"Essential Power Supply, 24-28V DC, 480 W, 100-240V AC Input Voltage",110,DC,4.64,,10,16,1.5,24,20,480,,20,14,25,-,-,50 x 124 x 127,"CE,UL,IEC,IECEx,ATEX,EAC",-25…+70,Class I Div. 2
Rockwell,1606-XLE480EH,"Essential Power Supply, 24-28V DC, 480 W, 100-240V AC Input Voltage",120,AC,4.26,10,10,14,2.5,24,20,480,0.99,20,14,25,29.6,94.2,48 x 124 x 127,"CE,UL,IEC,IECEx,ATEX,EAC",-25…+70,Class I Div. 2
Rockwell,1606-XLE480EH,"Essential Power Supply, 24-28V DC, 480 W, 100-240V AC Input Voltage",230,AC,2.23,4.5,10,14,2.5,24,20,480,0.98,20,14,25,22.1,95.6,49 x 124 x 127,"CE,UL,IEC,IECEx,ATEX,EAC",-25…+70,Class I Div. 2
Rockwell,1606-XLE480EH,"Essential Power Supply, 24-28V DC, 480 W, 100-240V AC Input Voltage",110,DC,4.64,,10,16,1.5,24,20,480,,20,14,25,-,-,50 x 124 x 127,"CE,UL,IEC,IECEx,ATEX,EAC",-25…+70,Class I Div. 2
Rockwell,1606-XLE480EM,"Essential Power Supply, 24-28V DC, 480 W, 100-240V AC Input Voltage",120,AC,4.26,10,10,14,2.5,24,20,480,0.99,20,14,25,29.6,94.2,48 x 124 x 127,"CE,UL,IEC,IECEx,ATEX,EAC",-25…+70,Class I Div. 2
Rockwell,1606-XLE480EM,"Essential Power Supply, 24-28V DC, 480 W, 100-240V AC Input Voltage",230,AC,2.23,4.5,10,14,2.5,24,20,480,0.98,20,14,25,22.1,95.6,49 x 124 x 127,"CE,UL,IEC,IECEx,ATEX,EAC",-25…+70,Class I Div. 2
Rockwell,1606-XLE480EM,"Essential Power Supply, 24-28V DC, 480 W, 100-240V AC Input Voltage",110,DC,4.64,,10,16,1.5,24,20,480,,20,14,25,-,-,50 x 124 x 127,"CE,UL,IEC,IECEx,ATEX,EAC",-25…+70,Class I Div. 2
Rockwell,1606-XLE480EDRZ,"Essential Power Supply, w/ Integrated Decoupling Function 24V DC, 480 W, 100-240V AC Input Voltage",120,AC,4.28,10,10,14,2.5,24,20,480,0.99,20,14,25,31.7,93.8,48 x 124 x 127,"CE,UL,IEC,IECEx,ATEX,EAC",-40…+70,Class I Div. 2
Rockwell,1606-XLE480EDRZ,"Essential Power Supply, w/ Integrated Decoupling Function 24V DC, 480 W, 100-240V AC Input Voltage",230,AC,2.25,4.5,10,14,2.5,24,20,480,0.98,20,14,25,24.2,95.2,49 x 124 x 127,"CE,UL,IEC,IECEx,ATEX,EAC",-40…+70,Class I Div. 2
Rockwell,1606-XLE480EDRZ,"Essential Power Supply, w/ Integrated Decoupling Function 24V DC, 480 W, 100-240V AC Input Voltage",110,DC,4.64,,10,16,1.5,24,20,480,,20,14,25,-,-,50 x 124 x 127,"CE,UL,IEC,IECEx,ATEX,EAC",-40…+70,Class I Div. 2
Rockwell,1606-XLE120B,"Essential Power Supply, 12-15V DC, 120 W, 100-240V AC Input Voltage",120,AC,1.09,4,6,14,2.5,12,10,120,0.98,10,14,25,8.8,93.2,32 x 124 x 102,"CE,UL,IEC,EAC",-25…+70,-
Rockwell,1606-XLE120B,"Essential Power Supply, 12-15V DC, 120 W, 100-240V AC Input Voltage",230,AC,0.6,4,6,14,2.5,12,10,120,0.91,10,14,25,7.7,94,32 x 124 x 102,"CE,UL,IEC,EAC",-25…+70,-
Rockwell,1606-XLE120B,"Essential Power Supply, 12-15V DC, 120 W, 100-240V AC Input Voltage",110,DC,1.21,4,6,16,1.5,12,10,120,,10,14,25,-,-,32 x 124 x 102,"CE,UL,IEC,EAC",-25…+70,-
Rockwell,1606-XLE120EL,"Essential Power Supply, 24-28V DC, 120 W, 100-240V AC Input Voltage",120,AC,1.09,4,6,14,2.5,24,5,120,0.98,10,14,25,8.2,93.6,32 x 124 x 102,CE,-25…+70,-
Rockwell,1606-XLE120EL,"Essential Power Supply, 24-28V DC, 120 W, 100-240V AC Input Voltage",230,AC,0.6,4,6,14,2.5,24,5,120,0.91,10,14,25,7.3,94.3,32 x 124 x 102,CE,-25…+70,-
Rockwell,1606-XLE120EL,"Essential Power Supply, 24-28V DC, 120 W, 100-240V AC Input Voltage",110,DC,1.21,4,6,16,1.5,24,5,120,,10,14,25,-,-,32 x 124 x 102,CE,-25…+70,-
Rockwell,1606-XLE120EH,"Essential Power Supply, 24-28V DC, 120 W, 100-240V AC Input Voltage",120,AC,1.09,4,6,14,2.5,24,5,120,0.98,10,14,25,8.2,93.6,32 x 124 x 102,"CE,EAC",-25…+70,-
Rockwell,1606-XLE120EH,"Essential Power Supply, 24-28V DC, 120 W, 100-240V AC Input Voltage",230,AC,0.6,4,6,14,2.5,24,5,120,0.91,10,14,25,7.3,94.3,32 x 124 x 102,"CE,EAC",-25…+70,-
Rockwell,1606-XLE120EH,"Essential Power Supply, 24-28V DC, 120 W, 100-240V AC Input Voltage",110,DC,1.21,4,6,16,1.5,24,5,120,,10,14,25,-,-,32 x 124 x 102,"CE,EAC",-25…+70,-
Rockwell,1606-XLE120ED,"Essential Power Supply, 24-28V DC, 120 W, 100-240V AC Input Voltage",120,AC,1.09,4,6,14,2.5,24,5,120,0.98,10,14,25,8.2,93.6,32 x 124 x 102,"CE,EAC",-25…+70,-
Rockwell,1606-XLE120ED,"Essential Power Supply, 24-28V DC, 120 W, 100-240V AC Input Voltage",230,AC,0.6,4,6,14,2.5,24,5,120,0.91,10,14,25,7.3,94.3,32 x 124 x 102,"CE,EAC",-25…+70,-
Rockwell,1606-XLE120ED,"Essential Power Supply, 24-28V DC, 120 W, 100-240V AC Input Voltage",110,DC,1.21,4,6,16,1.5,24,5,120,,10,14,25,-,-,32 x 124 x 102,"CE,EAC",-25…+70,-
Rockwell,1606-XLE120F,"Essential Power Supply, 48-56V DC, 120 W, 100-240V AC Input Voltage",120,AC,1.09,4,6,14,2.5,48,2.5,120,0.98,10,14,25,9.6,92.6,32 x 124 x 102,CE,-25…+70,-
Rockwell,1606-XLE120F,"Essential Power Supply, 48-56V DC, 120 W, 100-240V AC Input Voltage",230,AC,0.6,4,6,14,2.5,48,2.5,120,0.91,10,14,25,8.4,93.5,32 x 124 x 102,CE,-25…+70,-
Rockwell,1606-XLE120F,"Essential Power Supply, 48-56V DC, 120 W, 100-240V AC Input Voltage",110,DC,1.21,4,6,16,1.5,48,2.5,120,,10,14,25,-,-,32 x 124 x 102,CE,-25…+70,-
Rockwell,1606-XLE260F,"Essential Power Supply, 48-56V DC, 260 W, 100-240V AC Input Voltage",120,AC,2.32,6,6,14,2.5,48,5.4,240,0.99,20,14,25,17.2,93.8,39 x 124 x 117,"CE,UL,IEC,IECEx,ATEX,DNV GL,EAC",-25…+70,Class I Div. 2
Rockwell,1606-XLE260F,"Essential Power Supply, 48-56V DC, 260 W, 100-240V AC Input Voltage",230,AC,1.2,9,6,14,2.5,48,5.4,240,0.98,20,14,25,12.3,95.5,39 x 124 x 117,"CE,UL,IEC,IECEx,ATEX,DNV GL,EAC",-25…+70,Class I Div. 2
Rockwell,1606-XLE260F,"Essential Power Supply, 48-56V DC, 260 W, 100-240V AC Input Voltage",110,DC,2.51,,6,16,1.5,48,5.4,240,,20,14,25,-,-,39 x 124 x 117,"CE,UL,IEC,IECEx,ATEX,DNV GL,EAC",-25…+70,Class I Div. 2
Rockwell,1606-XLE192BM,"Essential Power Supply, 12-15V DC, 192 W, 100-240V AC Input Voltage",120,AC,1.74,6,6,14,2.5,12,16,192,0.99,20,14,25,14.9,92.8,39 x 124 x 117,"CE,UL,IEC,IECEx,ATEX,DNV GL,EAC",-25…+70,Class I Div. 2
Rockwell,1606-XLE192BM,"Essential Power Supply, 12-15V DC, 192 W, 100-240V AC Input Voltage",230,AC,0.92,9,6,14,2.5,12,16,192,0.96,20,14,25,11.6,94.3,39 x 124 x 117,"CE,UL,IEC,IECEx,ATEX,DNV GL,EAC",-25…+70,Class I Div. 2
Rockwell,1606-XLE192BM,"Essential Power Supply, 12-15V DC, 192 W, 100-240V AC Input Voltage",110,DC,1.9,,6,16,1.5,12,16,192,,20,14,25,-,-,39 x 124 x 117,"CE,UL,IEC,IECEx,ATEX,DNV GL,EAC",-25…+70,Class I Div. 2
Rockwell,1606-XLE192BDM,"Essential Power Supply, 12 DC, 192 W, 100-240V AC Input Voltage",120,AC,1.74,6,6,14,2.5,12,16,192,0.99,20,14,25,14.9,92.8,39 x 124 x 117,"CE,UL,IEC,EAC",-25…+70,-
Rockwell,1606-XLE192BDM,"Essential Power Supply, 12 DC, 192 W, 100-240V AC Input Voltage",230,AC,0.92,9,6,14,2.5,12,16,192,0.96,20,14,25,11.6,94.3,39 x 124 x 117,"CE,UL,IEC,EAC",-25…+70,-
Rockwell,1606-XLE192BDM,"Essential Power Supply, 12 DC, 192 W, 100-240V AC Input Voltage",110,DC,1.9,,6,16,1.5,12,16,192,,20,14,25,-,-,39 x 124 x 117,"CE,UL,IEC,EAC",-25…+70,-
Rockwell,1606-XLE240EC,"Essential Power Supply, 24-28V DC, 240 W, 100-240V AC Input Voltage",120,AC,3.73,3,6,14,2.5,24,10,240,0.59,10,14,25,23.7,91,60 x 124 x 117,"CE,UL,IEC,IECEx,ATEX,DNV GL,EAC",-25…+70,Class I Div. 2
Rockwell,1606-XLE240EC,"Essential Power Supply, 24-28V DC, 240 W, 100-240V AC Input Voltage",230,AC,2.23,3,6,14,2.5,24,10,240,0.51,10,14,25,22,91.6,60 x 124 x 117,"CE,UL,IEC,IECEx,ATEX,DNV GL,EAC",-25…+70,Class I Div. 2
Rockwell,1606-XLE240ERZ,"Essential Power Supply, 24-28V DC, 240 W, 100-240V AC Input Voltage",120,AC,2.17,6,6,14,2.5,24,10,240,0.99,10,14,25,18.1,93,39 x 124 x 117,"CE,UL,IEC,IECEx,ATEX,DNV GL,EAC",-25…+70,Class I Div. 2
Rockwell,1606-XLE240ERZ,"Essential Power Supply, 24-28V DC, 240 W, 100-240V AC Input Voltage",230,AC,1.14,9,6,14,2.5,24,10,240,0.97,10,14,25,13.4,94.7,39 x 124 x 117,"CE,UL,IEC,IECEx,ATEX,DNV GL,EAC",-25…+70,Class I Div. 2
Rockwell,1606-XLE240ERZ,"Essential Power Supply, 24-28V DC, 240 W, 100-240V AC Input Voltage",110,DC,2.35,,6,16,1.5,24,10,240,,10,14,25,-,-,39 x 124 x 117,"CE,UL,IEC,IECEx,ATEX,DNV GL,EAC",-25…+70,Class I Div. 2
Rockwell,1606-XLE240ECRZ,"Essential Power Supply, 24-28V DC, 240 W, 100-240V AC Input Voltage",120,AC,2.17,6,6,14,2.5,24,10,240,0.99,10,14,25,18.1,93,39 x 124 x 117,"CE,UL,IEC,IECEx,ATEX,EAC",-25…+70,Class I Div. 2
Rockwell,1606-XLE240ECRZ,"Essential Power Supply, 24-28V DC, 240 W, 100-240V AC Input Voltage",230,AC,1.14,9,6,14,2.5,24,10,240,0.97,10,14,25,13.4,94.7,39 x 124 x 117,"CE,UL,IEC,IECEx,ATEX,EAC",-25…+70,Class I Div. 2
Rockwell,1606-XLE240ECRZ,"Essential Power Supply, 24-28V DC, 240 W, 100-240V AC Input Voltage",110,DC,2.35,,6,16,1.5,24,10,240,,10,14,25,-,-,39 x 124 x 117,"CE,UL,IEC,IECEx,ATEX,EAC",-25…+70,Class I Div. 2
Rockwell,1606-XLE240EL,"Essential Power Supply, 24-28V DC, 240 W, 100-240V AC Input Voltage",120,AC,2.15,6,6,14,2.5,24,10,240,0.99,10,14,25,16.4,93.6,39 x 124 x 117,"CE,UL,IEC,IECEx,ATEX,DNV GL,EAC",-25…+70,Class I Div. 2
Rockwell,1606-XLE240EL,"Essential Power Supply, 24-28V DC, 240 W, 100-240V AC Input Voltage",230,AC,1.13,9,6,14,2.5,24,10,240,0.97,10,14,25,12.1,95.2,39 x 124 x 117,"CE,UL,IEC,IECEx,ATEX,DNV GL,EAC",-25…+71,Class I Div. 2
Rockwell,1606-XLE240EL,"Essential Power Supply, 24-28V DC, 240 W, 100-240V AC Input Voltage",110,DC,2.35,,6,16,1.5,24,10,240,,10,14,25,-,-,39 x 124 x 117,"CE,UL,IEC,IECEx,ATEX,DNV GL,EAC",-25…+72,Class I Div. 2
Rockwell,1606-XLE240EH,"Essential Power Supply, 24V DC, 240 W, 100-240V AC Input Voltage",120,AC,2.15,6,6,14,2.5,24,10,240,0.99,10,14,25,16.4,93.6,39 x 124 x 117,"CE,UL,IEC,IECEx,ATEX,EAC",-25…+70,-
Rockwell,1606-XLE240EH,"Essential Power Supply, 24V DC, 240 W, 100-240V AC Input Voltage",230,AC,1.13,9,6,14,2.5,24,10,240,0.97,10,14,25,12.1,95.2,39 x 124 x 117,"CE,UL,IEC,IECEx,ATEX,EAC",-25…+70,-
Rockwell,1606-XLE240EH,"Essential Power Supply, 24V DC, 240 W, 100-240V AC Input Voltage",110,DC,2.35,,6,16,1.5,24,10,240,,10,14,25,-,-,39 x 124 x 117,"CE,UL,IEC,IECEx,ATEX,EAC",-25…+70,-
Rockwell,1606-XLE480FP,"Essential Power Supply, 48-56V DC, 480 W, 100-240V AC Input Voltage",120,AC,4.36,10,10,14,2.5,48,10,480,0.98,10,14,25,18.4,96.3,48 x 124 x 127,"CE,UL,IEC,IECEx,ATEX,EAC",-25…+70,-
Rockwell,1606-XLE480FP,"Essential Power Supply, 48-56V DC, 480 W, 100-240V AC Input Voltage",230,AC,2.33,4.5,10,14,2.5,48,10,480,0.98,10,14,25,18.4,96.3,49 x 124 x 127,"CE,UL,IEC,IECEx,ATEX,EAC",-25…+70,-
Rockwell,1606-XLP100E,"Compact Power Supply, 24-28V DC, 100 W, 100-120 / 220-240V AC / 290V DC Input Voltage",120,AC,2.1,22,6,14,2.5,24,4.2,100,0.55,5,14,25,11.4,90,73 x 75 x 103,"CE,UL,IEC,DNV GL,ABS,EAC",-10…+70,Class I Div. 2
Rockwell,1606-XLP100E,"Compact Power Supply, 24-28V DC, 100 W, 100-120 / 220-240V AC / 290V DC Input Voltage",230,AC,1,37,6,14,2.5,24,4.2,100,0.55,5,14,25,11.4,90,73 x 75 x 103,"CE,UL,IEC,DNV GL,ABS,EAC",-10…+70,Class I Div. 2
Rockwell,1606-XLP100E-2,"Compact Power Supply, 24-28V DC, 100 W, 2-Phase 380 - 480V AC wide range Input Voltage",400,AC,2 x 0.40,36,6,14,2.5,24,4.2,100,0.6,5,14,25,11.7,89.5,73 x 75 x 103,"CE,UL,IEC,DNV GL,ABS,EAC",-10…+70,-
Rockwell,1606-XLP100E-2,"Compact Power Supply, 24-28V DC, 100 W, 2-Phase 380 - 480V AC wide range Input Voltage",480,AC,2 x 0.40,45,6,14,2.5,24,4.2,100,0.6,5,14,25,11.7,89.5,74 x 75 x 103,"CE,UL,IEC,DNV GL,ABS,EAC",-10…+71,-
Rockwell,1606-XLP100F,"Compact Power Supply, 48-56V DC, 100 W, 100-120 / 220-240V AC / 290V DC Input Voltage",120,AC,2.1,22,6,14,2.5,48,2.1,100,0.55,3,14,25,10,91,73 x 75 x 103,"CE,UL,IEC,DNV GL,ABS,EAC",-10…+70,-
Rockwell,1606-XLP100F,"Compact Power Supply, 48-56V DC, 100 W, 100-120 / 220-240V AC / 290V DC Input Voltage",230,AC,1,37,6,14,2.5,48,2.1,100,0.55,3,14,25,10,91,73 x 75 x 103,"CE,UL,IEC,DNV GL,ABS,EAC",-10…+70,-
Rockwell,1606-XLP15A,"Compact Power Supply, 5-5.5V DC, 15 W, 120/240V AC / 85-375V DC Input Voltage",120,AC,0.28,16,3,14,2.5,5,3,15,0.44,3,14,25,4.5,77.2,22.5 x 75 x 91,"UL,IEC,IECEx,DNV GL,ABS,EAC,NEC",-10…+70,-
Rockwell,1606-XLP15A,"Compact Power Supply, 5-5.5V DC, 15 W, 120/240V AC / 85-375V DC Input Voltage",230,AC,0.17,31,3,14,2.5,5,3,15,0.44,3,14,25,4.5,77.2,22.5 x 75 x 91,"UL,IEC,IECEx,DNV GL,ABS,EAC,NEC",-10…+70,-
Rockwell,1606-XLP15B,"Compact Power Supply, 12-15V DC, 15 W, 120/240V AC / 85-375V DC Input Voltage",120,AC,0.28,16,3,14,2.5,12,1.3,15,0.44,2,14,25,3.2,82.5,22.5 x 75 x 91,"CE,UL,IEC,DNV GL,ABS,EAC,NEC",-10…+70,Class I Div. 2
Rockwell,1606-XLP15B,"Compact Power Supply, 12-15V DC, 15 W, 120/240V AC / 85-375V DC Input Voltage",230,AC,0.17,31,3,14,2.5,12,1.3,15,0.44,2,14,25,3.2,82.5,22.5 x 75 x 91,"CE,UL,IEC,DNV GL,ABS,EAC,NEC",-10…+70,Class I Div. 2
Rockwell,1606-XLP15E,"Compact Power Supply, 24-28V DC, 15 W, 120/240V AC / 85-375V DC Input Voltage",120,AC,0.28,13,3,14,2.5,24,0.63,15,0.44,1,14,25,2.7,0.851,23 x 75 x 91,"CE,UL,IEC,DNV GL,ABS,EAC,NEC",-10…+70,Class I Div. 2
Rockwell,1606-XLP15E,"Compact Power Supply, 24-28V DC, 15 W, 120/240V AC / 85-375V DC Input Voltage",230,AC,0.17,26,3,14,2.5,24,0.63,15,0.44,1,14,25,2.7,0.851,23 x 75 x 91,"CE,UL,IEC,DNV GL,ABS,EAC,NEC",-10…+70,Class I Div. 2
Rockwell,1606-XLP25A,"Compact Power Supply, 5-5.5V DC, 25 W, 120/240V AC / 85-375V DC Input Voltage",120,AC,0.6,17,6,14,2.5,5,5,25,0.44,5,14,25,6.3,0.8,45 x 75 x 91,"CE,UL,IEC,DNV GL,ABS,EAC,NEC",-10…+70,Class I Div. 2
Rockwell,1606-XLP25A,"Compact Power Supply, 5-5.5V DC, 25 W, 120/240V AC / 85-375V DC Input Voltage",230,AC,0.3,35,6,14,2.5,5,5,25,0.44,5,14,25,6.3,0.8,46 x 75 x 91,"CE,UL,IEC,DNV GL,ABS,EAC,NEC",-10…+70,Class I Div. 2
Rockwell,1606-XLP30B,"Compact Power Supply, 10-12V DC, 30 W, 120/240V AC / 85-375V DC Input Voltage",120,AC,0.6,17,6,14,2.5,12,3,30,0.53,3,14,25,5.8,0.84,45 x 75 x 91,"CE,UL,IEC,ABS,EAC,NEC",-10…+70,Class I Div. 2
Rockwell,1606-XLP30B,"Compact Power Supply, 10-12V DC, 30 W, 120/240V AC / 85-375V DC Input Voltage",230,AC,0.25,35,6,14,2.5,12,3,30,0.53,3,14,25,5.8,0.84,45 x 75 x 91,"CE,UL,IEC,ABS,EAC,NEC",-10…+70,Class I Div. 2
Rockwell,1606-XLP30E,"Compact Power Supply, 24-28V DC, 30 W, 120/240V AC / 85-375V DC Input Voltage",120,AC,0.6,17,6,14,2.5,24,1.3,30,0.53,2,14,25,4.5,87.5,45 x 75 x 91,"CE,UL,IEC,DNV GL,ABS,EAC,NEC",-10…+70,Class I Div. 2
Rockwell,1606-XLP30E,"Compact Power Supply, 24-28V DC, 30 W, 120/240V AC / 85-375V DC Input Voltage",230,AC,0.35,35,6,14,2.5,24,1.3,30,0.53,2,14,25,4.5,87.5,45 x 75 x 91,"CE,UL,IEC,DNV GL,ABS,EAC,NEC",-10…+70,Class I Div. 2
Rockwell,1606-XLP30EQ,"Compact Power Supply, 24-28V DC, 30 W, 120/240V AC / 85-375V DC Input Voltage",120,AC,0.54,18,3,14,2.5,24,1.3,30,0.49,2,14,25,3.7,89.4,23 x 75 x 91,"CE,UL,IEC,DNV GL,ABS,EAC,NEC",-10…+70,Class I Div. 2
Rockwell,1606-XLP30EQ,"Compact Power Supply, 24-28V DC, 30 W, 120/240V AC / 85-375V DC Input Voltage",230,AC,0.3,35,3,14,2.5,24,1.3,30,0.49,2,14,25,3.7,89.4,23 x 75 x 91,"CE,UL,IEC,DNV GL,ABS,EAC,NEC",-10…+70,Class I Div. 2
Rockwell,1606-XLP36C,"Compact Power Supply, +/- 12/15V DC, 36 W, 120/240V AC / 85-375V DC Input Voltage",120,AC,0.65,17,6,14,2.5,12,2.5,36,0.53,3,14,25,5.9,86,45 x 75 x 91,"CE,UL,IEC,DNV GL,ABS,EAC,NEC",-25…+70,Class I Div. 2
Rockwell,1606-XLP36C,"Compact Power Supply, +/- 12/15V DC, 36 W, 120/240V AC / 85-375V DC Input Voltage",230,AC,0.4,35,6,14,2.5,12,2.5,36,0.53,3,14,25,5.9,86,45 x 75 x 91,"CE,UL,IEC,DNV GL,ABS,EAC,NEC",-25…+70,Class I Div. 2
Rockwell,1606-XLP50B,"Compact Power Supply, 12-15V DC, 50 W, 120/240V AC / 85-375V DC Input Voltage",120,AC,1,17,6,14,2.5,12,4.2,50,0.52,5,14,25,6,90,45 x 75 x 91,"CE,UL,IEC,EAC,NEC",-10…+70,Class I Div. 2
Rockwell,1606-XLP50B,"Compact Power Supply, 12-15V DC, 50 W, 120/240V AC / 85-375V DC Input Voltage",230,AC,0.6,35,6,14,2.5,12,4.2,50,0.52,5,14,25,6,90,45 x 75 x 91,"CE,UL,IEC,EAC,NEC",-10…+70,Class I Div. 2
Rockwell,1606-XLP50E,"Compact Power Supply, 24-28V DC, 50 W, 120/240V AC / 85-375V DC Input Voltage",120,AC,0.77,17,6,14,2.5,24,2.1,50,0.52,3,14,25,6.2,89,45 x 75 x 91,"CE,UL,IEC,DNV GL,ABS,EAC,NEC",-10…+70,Class I Div. 2
Rockwell,1606-XLP50E,"Compact Power Supply, 24-28V DC, 50 W, 120/240V AC / 85-375V DC Input Voltage",230,AC,0.44,35,6,14,2.5,24,2.1,50,0.52,3,14,25,6.2,89,45 x 75 x 91,"CE,UL,IEC,DNV GL,ABS,EAC,NEC",-10…+70,Class I Div. 2
Rockwell,1606-XLP50EZ,"Compact Power Supply, 24-28V DC, 50 W, 120/240V AC / 85-375V DC Input Voltage",120,AC,1,17,6,14,2.5,24,2.1,50,0.52,3,14,25,6.8,88.5,45 x 75 x 91,"CE,UL,IEC,DNV GL,ABS,EAC,NEC",-10…+70,Class I Div. 2
Rockwell,1606-XLP50EZ,"Compact Power Supply, 24-28V DC, 50 W, 120/240V AC / 85-375V DC Input Voltage",230,AC,0.6,35,6,14,2.5,24,2.1,50,0.52,3,14,25,6.8,88.5,45 x 75 x 91,"CE,UL,IEC,DNV GL,ABS,EAC,NEC",-10…+70,Class I Div. 2
Rockwell,1606-XLP50F,"Compact Power Supply, 48-56V DC, 50 W, 120/240V AC / 85-375V DC Input Voltage",120,AC,1,17,6,14,2.5,48,1.05,50,0.52,2,14,25,6,90,45 x 75 x 91,"CE,UL,IEC,EAC,NEC",-10…+70,-
Rockwell,1606-XLP50F,"Compact Power Supply, 48-56V DC, 50 W, 120/240V AC / 85-375V DC Input Voltage",230,AC,0.6,35,6,14,2.5,48,1.05,50,0.52,2,14,25,6,90,45 x 75 x 91,"CE,UL,IEC,EAC,NEC",-10…+70,-
Rockwell,1606-XLP60BQ,"Compact Power Supply, 12-15V DC, 120/240V AC / 85-375V DC Input Voltage",120,AC,0.91,16,6,14,2.5,12,4.5,54,0.5,5,14,25,7.9,87.2,45 x 75 x 91,"CE,UL,IEC,DNV GL,ABS,EAC,NEC",-10…+70,Class I Div. 2
Rockwell,1606-XLP60BQ,"Compact Power Supply, 12-15V DC, 120/240V AC / 85-375V DC Input Voltage",230,AC,0.54,32,6,14,2.5,12,4.5,54,0.5,5,14,25,7.9,87.2,45 x 75 x 91,"CE,UL,IEC,DNV GL,ABS,EAC,NEC",-10…+70,Class I Div. 2
Rockwell,1606-XLP60BQT,"Compact Power Supply, 12-15V DC, 120/240V AC / 85-375V DC Input Voltage",120,AC,0.97,16,3,14,2.5,12,4.5,54,0.44,5,14,25,87.6,0.876,45 x 75 x 91,"CE,UL,IEC,DNV GL,ABS,EAC,NEC",-40…+70,Class I Div. 2
Rockwell,1606-XLP60BQT,"Compact Power Supply, 12-15V DC, 120/240V AC / 85-375V DC Input Voltage",230,AC,0.61,32,3,14,2.5,12,4.5,54,0.44,5,14,25,87.6,0.876,45 x 75 x 91,"CE,UL,IEC,DNV GL,ABS,EAC,NEC",-40…+70,Class I Div. 2
Rockwell,1606-XLP60EQ,"Compact Power Supply, 24-28V DC, 120/240V AC / 85-375V DC Input Voltage",120,AC,0.98,16,6,14,2.5,24,2.5,60,0.5,3,14,25,6.9,0.897,45 x 75 x 91,"CE,UL,IEC,DNV GL,ABS,EAC,NEC",-10…+70,Class I Div. 2
Rockwell,1606-XLP60EQ,"Compact Power Supply, 24-28V DC, 120/240V AC / 85-375V DC Input Voltage",230,AC,0.58,32,6,14,2.5,24,2.5,60,0.5,3,14,25,6.9,0.897,45 x 75 x 91,"CE,UL,IEC,DNV GL,ABS,EAC,NEC",-10…+70,Class I Div. 2
Rockwell,1606-XLP60EQT,"Compact Power Supply, 24-28V DC, 120/240V AC / 85-375V DC Input Voltage",120,AC,1.05,6,3,14,2.5,24,2.5,60,0.44,3,14,25,6.4,0.904,45 x 75 x 91,"CE,UL,IEC,DNV GL,ABS,EAC,NEC",-40…+70,Class I Div. 2
Rockwell,1606-XLP60EQT,"Compact Power Supply, 24-28V DC, 120/240V AC / 85-375V DC Input Voltage",230,AC,0.66,,3,14,2.5,24,2.5,60,0.44,3,14,25,6.4,0.904,45 x 75 x 91,"CE,UL,IEC,DNV GL,ABS,EAC,NEC",-40…+70,Class I Div. 2
Rockwell,1606-XLP72E,"Compact Power Supply, 24-28V DC, 72 W, 100-120 / 220-240V AC / 290V DC Input Voltage",120,AC,1.6,26,6,14,2.5,24,3,72,0.54,3,14,25,8.7,0.89,45 x 75 x 91,"CE,UL,IEC,DNV GL,ABS,EAC,NEC",-10…+70,Class I Div. 2
Rockwell,1606-XLP72E,"Compact Power Supply, 24-28V DC, 72 W, 100-120 / 220-240V AC / 290V DC Input Voltage",230,AC,0.8,30,6,14,2.5,24,3,72,0.54,3,14,25,8.7,0.89,45 x 75 x 91,"CE,UL,IEC,DNV GL,ABS,EAC,NEC",-10…+70,Class I Div. 2
Rockwell,1606-XLP90B,"Compact Power Supply, 12-15V DC, 90 W, 100-120 / 220-240V AC / 290V DC DC Input Voltage",120,AC,1.9,22,6,14,2.5,12,7.5,90,0.55,8,14,25,11.7,0.885,73 x 75 x 103,"CE,UL,IEC,DNV GL,ABS,EAC",-25…+70,Class I Div. 2
Rockwell,1606-XLP90B,"Compact Power Supply, 12-15V DC, 90 W, 100-120 / 220-240V AC / 290V DC DC Input Voltage",230,AC,0.9,37,6,14,2.5,12,7.5,90,0.55,8,14,25,11.7,0.885,73 x 75 x 103,"CE,UL,IEC,DNV GL,ABS,EAC",-25…+70,Class I Div. 2
Rockwell,1606-XLP90E-2,"Compact Power Supply, 24-28V DC, 90 W, 2-Phase 380-480V AC wide range Input Voltage",400,AC,2 x 0.36,36,6,14,2.5,24,3.75,90,0.6,4,14,25,10.5,0.895,73 x 75 x 103,"CE,UL,IEC,DNV GL,ABS,EAC,NEC",-10…+70,-
Rockwell,1606-XLP90E-2,"Compact Power Supply, 24-28V DC, 90 W, 2-Phase 380-480V AC wide range Input Voltage",480,AC,2 x 0.36,45,6,14,2.5,24,3.75,90,0.6,4,14,25,10.5,0.895,73 x 75 x 103,"CE,UL,IEC,DNV GL,ABS,EAC,NEC",-10…+70,-
Rockwell,1606-XLP95E,"Compact Power Supply, 24-28V DC, 95 W, 100-120 / 220-240V AC / 290V DC Input Voltage",120,AC,2,22,6,14,2.5,24,3.9,95,0.55,4,14,25,10.5,0.9,73 x 75 x 103,"CE,UL,IEC,EAC,NEC",-10…+70,Class I Div. 2
Rockwell,1606-XLP95E,"Compact Power Supply, 24-28V DC, 95 W, 100-120 / 220-240V AC / 290V DC Input Voltage",230,AC,0.95,37,6,14,2.5,24,3.9,95,0.55,4,14,25,10.5,0.9,73 x 75 x 103,"CE,UL,IEC,EAC,NEC",-10…+70,Class I Div. 2
P&F,PS1000-A6-24.10,"Power Supply, 24-28V DC, 240 W, 120/240V AC / 110-300V DC Input Voltage",120,AC,2.15,6,-,14,2.5,24,10,240,0.99,10,14,2.5,16.4,93.6,39 X 124 X 117,"UL, IECEx, ATEX",-25 to 70,Zone 2 Div. 2
P&F,PS1000-A6-24.10,"Power Supply, 24-28V DC, 240 W, 120/240V AC / 110-300V DC Input Voltage",230,AC,1.13,9,-,14,2.5,24,10,240,0.97,10,14,2.5,12.1,95.2,39 X 124 X 117,"UL, IECEx, ATEX",-25 to 70,Zone 2 Div. 2
P&F,PS1000-A6-24.10,"Power Supply, 24-28V DC, 240 W, 120/240V AC / 110-300V DC Input Voltage",110,DC,2.35,,-,16,1.5,24,10,240,-,10,14,2.5,-,-,39 X 124 X 117,"UL, IECEx, ATEX",-25 to 70,Zone 2 Div. 2
P&F,PS1000-A6-24.5,"Power Supply, 24-28V DC, 120 W, 120/240V AC / 110-300V DC Input Voltage",120,AC,1.09,5,-,14,2.5,24,5,120,0.98,5,14,2.5,8.2,93.6,32 X 124 X 102,"UL, IECEx, ATEX",-25 to 70,Zone 2 Div. 2
P&F,PS1000-A6-24.5,"Power Supply, 24-28V DC, 120 W, 120/240V AC / 110-300V DC Input Voltage",230,AC,0.6,6,-,14,2.5,24,5,120,0.91,5,14,2.5,7.3,94.3,32 X 124 X 102,"UL, IECEx, ATEX",-25 to 70,Zone 2 Div. 2
P&F,PS1000-A6-24.5,"Power Supply, 24-28V DC, 120 W, 120/240V AC / 110-300V DC Input Voltage",110,DC,1.21,,-,16,1.5,24,5,120,-,5,14,2.5,-,-,32 X 124 X 102,"UL, IECEx, ATEX",-25 to 70,Zone 2 Div. 2
P&F,PS1000-A6-24.10.R,"Power Supply, 24-28V DC, 240 W, 120/240V AC / 110-300V DC Input Voltage",120,AC,2.17,6,-,14,2.5,24,10,240,0.99,10,14,2.5,18.1,93,39 X 124 X 117,"UL, IECEx, ATEX",-25 to 70,Zone 2 Div. 2
P&F,PS1000-A6-24.10.R,"Power Supply, 24-28V DC, 240 W, 120/240V AC / 110-300V DC Input Voltage",230,AC,1.14,9,-,14,2.5,24,10,240,0.97,10,14,2.5,13.4,94.7,39 X 124 X 117,"UL, IECEx, ATEX",-25 to 70,Zone 2 Div. 2
P&F,PS1000-A6-24.10.R,"Power Supply, 24-28V DC, 240 W, 120/240V AC / 110-300V DC Input Voltage",110,DC,2.35,,-,16,1.5,24,10,240,-,10,14,2.5,-,-,39 X 124 X 117,"UL, IECEx, ATEX",-25 to 70,Zone 2 Div. 2
P&F,PS1000-A6-24.20,"Power Supply, 24-28V DC, 480 W, 120/240V AC / 110-300V DC Input Voltage",120,AC,4.26,10,-,14,2.5,24,20,480,0.99,20,14,2.5,29.6,94.2,48 x 124 x 127,"UL, IECEx, ATEX",-25 to 70,Zone 2 Div. 2
P&F,PS1000-A6-24.20,"Power Supply, 24-28V DC, 480 W, 120/240V AC / 110-300V DC Input Voltage",230,AC,2.23,4.5,-,14,2.5,24,20,480,0.98,20,14,2.5,22.1,95.6,48 x 124 x 127,"UL, IECEx, ATEX",-25 to 70,Zone 2 Div. 2
P&F,PS1000-A6-24.20,"Power Supply, 24-28V DC, 480 W, 120/240V AC / 110-300V DC Input Voltage",110,DC,4.64,,-,16,1.5,24,20,480,-,20,14,2.5,-,-,48 x 124 x 127,"UL, IECEx, ATEX",-25 to 70,Zone 2 Div. 2
P&F,PS1000-A6-24.20.R,"Power Supply, 24-28V DC, 480 W, 120/240V AC / 110-300V DC Input Voltage",120,AC,4.28,10,-,14,2.5,24,20,480,0.99,20,14,2.5,31.7,93.8,48 x 124 x 127,"UL, IECEx, ATEX",-40 to 70,Zone 2 Div. 2
P&F,PS1000-A6-24.20.R,"Power Supply, 24-28V DC, 480 W, 120/240V AC / 110-300V DC Input Voltage",230,AC,2.25,4.5,-,14,2.5,24,20,480,0.98,20,14,2.5,24.2,95.2,48 x 124 x 127,"UL, IECEx, ATEX",-40 to 70,Zone 2 Div. 2
P&F,PS1000-A6-24.20.R,"Power Supply, 24-28V DC, 480 W, 120/240V AC / 110-300V DC Input Voltage",110,DC,4.64,,-,16,1.5,24,20,480,-,20,14,2.5,-,-,48 x 124 x 127,"UL, IECEx, ATEX",-40 to 70,Zone 2 Div. 2
P&F,PS1000-A6-48.5,"Power Supply, 24-28V DC, 260 W, 120/240V AC / 110-300V DC Input Voltage",120,AC,2.32,6,-,14,2.5,48,5,260,0.99,5,14,2.5,17.2,93.8,39 X 124 X 117,"UL, IECEx, ATEX",-25 to 70,Zone 2 Div. 2
P&F,PS1000-A6-48.5,"Power Supply, 24-28V DC, 260 W, 120/240V AC / 110-300V DC Input Voltage",230,AC,1.2,9,-,14,2.5,48,5,260,0.98,5,14,2.5,12.3,95.5,39 X 124 X 117,"UL, IECEx, ATEX",-25 to 70,Zone 2 Div. 2
P&F,PS1000-A6-48.5,"Power Supply, 24-28V DC, 260 W, 120/240V AC / 110-300V DC Input Voltage",110,DC,2.51,,-,16,1.5,48,5,260,-,5,14,2.5,-,-,39 X 124 X 117,"UL, IECEx, ATEX",-25 to 70,Zone 2 Div. 2
P&F,PS1000-A6-12.16,"Power Supply, 12-15V DC, 260 W, 120/240V AC / 110-300V DC Input Voltage",120,AC,1.74,6,-,14,2.5,12,16,192,0.99,16,14,2.5,14.9,92.8,39 X 124 X 117,"UL, IECEx, ATEX",-25 to 70,Zone 2 Div. 2
P&F,PS1000-A6-12.16,"Power Supply, 12-15V DC, 260 W, 120/240V AC / 110-300V DC Input Voltage",230,AC,0.92,9,-,14,2.5,12,16,192,0.96,16,14,2.5,11.6,94.3,39 X 124 X 117,"UL, IECEx, ATEX",-25 to 70,Zone 2 Div. 2
P&F,PS1000-A6-12.16,"Power Supply, 12-15V DC, 260 W, 120/240V AC / 110-300V DC Input Voltage",110,DC,1.9,,-,16,1.5,12,16,192,-,16,14,2.5,-,-,39 X 124 X 117,"UL, IECEx, ATEX",-25 to 70,Zone 2 Div. 2
Phoenix Contact,2904617,"Primary-switched QUINT POWER supply for DIN rail mounting, with selectable output characteristic curve and SFB Technology (selective fuse breaking), protective coating and integrated decoupling MOSFET, input: 1-phase, output: 24 V DC / 20 A",120,AC,5.5,10,Oct-16,14,2.5,24,20,480,0.95,20,14,2.5,38,92.7,70 X 130 X 125,"ATEX,IECEx,UL,CSA,SIQ",-40…+75,"Class I, Division 2, Groups A, B, C, D"
Phoenix Contact,2904617,"Primary-switched QUINT POWER supply for DIN rail mounting, with selectable output characteristic curve and SFB Technology (selective fuse breaking), protective coating and integrated decoupling MOSFET, input: 1-phase, output: 24 V DC / 20 A",230,AC,2.8,10,Oct-16,14,2.5,24,20,480,0.8,20,14,2.5,30,94.2,70 X 130 X 125,"ATEX,IECEx,UL,CSA,SIQ",-40…+75,"Class I, Division 2, Groups A, B, C, D"
Phoenix Contact,2904617,"Primary-switched QUINT POWER supply for DIN rail mounting, with selectable output characteristic curve and SFB Technology (selective fuse breaking), protective coating and integrated decoupling MOSFET, input: 1-phase, output: 24 V DC / 20 A",110,DC,6,10,Oct-16,16,1.5,24,20,480,-,20,14,2.5,-,-,70 X 130 X 125,"ATEX,IECEx,UL,CSA,SIQ",-40…+75,"Class I, Division 2, Groups A, B, C, D"
Phoenix Contact,2320898,"Primary-switched power supply unit, QUINT POWER, Screw connection, DIN rail mounting, SFB Technology (Selective Fuse Breaking), input: 1-phase, output: 24 V DC / 20 A",120,AC,5.1,<20,Oct-16,14,2.5,24,20,480,-,20,14,2.5,40,93,90 X 130 X 125,"ATEX,IECEx,UL,CSA,SIQ",-40…+70,"Class I, Division 2, Groups A, B, C, D"
Phoenix Contact,2320898,"Primary-switched power supply unit, QUINT POWER, Screw connection, DIN rail mounting, SFB Technology (Selective Fuse Breaking), input: 1-phase, output: 24 V DC / 20 A",230,AC,2.3,<20,Oct-16,14,2.5,24,20,480,-,20,14,2.5,40,93,90 X 130 X 125,"ATEX,IECEx,UL,CSA,SIQ",-40…+70,"Class I, Division 2, Groups A, B, C, D"
Phoenix Contact,2320898,"Primary-switched power supply unit, QUINT POWER, Screw connection, DIN rail mounting, SFB Technology (Selective Fuse Breaking), input: 1-phase, output: 24 V DC / 20 A",110,DC,4.9,<20,Oct-16,16,1.5,24,20,480,-,20,14,2.5,-,-,90 X 130 X 125,"ATEX,IECEx,UL,CSA,SIQ",-40…+70,"Class I, Division 2, Groups A, B, C, D"
Phoenix Contact,2866721,"Primary-switched power supply unit, QUINT POWER, Screw connection, SFB Technology (Selective Fuse Breaking), input: 1-phase, output: 12 V DC / 20 A",120,AC,2.4,<20,Oct-16,14,2.5,12,20,240,-,20,14,2.5,29,90,90 X 130 X 125,"UL,CSA",-25…+70,"Class I, Division 2, Groups A, B, C, D"
Phoenix Contact,2866721,"Primary-switched power supply unit, QUINT POWER, Screw connection, SFB Technology (Selective Fuse Breaking), input: 1-phase, output: 12 V DC / 20 A",230,AC,1.4,<20,Oct-16,14,2.5,12,20,240,-,20,14,2.5,29,90,90 X 130 X 125,"UL,CSA",-25…+70,"Class I, Division 2, Groups A, B, C, D"
Phoenix Contact,2866721,"Primary-switched power supply unit, QUINT POWER, Screw connection, SFB Technology (Selective Fuse Breaking), input: 1-phase, output: 12 V DC / 20 A",110,DC,2.5,<20,Oct-16,16,1.5,12,20,240,-,20,14,2.5,29,90,90 X 130 X 125,"UL,CSA",-25…+70,"Class I, Division 2, Groups A, B, C, D"
Phoenix Contact,2904597,"Primary-switched power supply unit, QUINT POWER, Screw connection, DIN rail mounting, input: 1-phase, output: 24 V DC / 1.3 A",120,AC,0.37,5.9,Jun-16,14,2.5,24,1.3,30,-,2,14,2.5,3.7,89.2,22.5 X 99 X 90,"UL, SIQ",-25…+70,"Class I, Division 2, Groups A, B, C, D"
Phoenix Contact,2904597,"Primary-switched power supply unit, QUINT POWER, Screw connection, DIN rail mounting, input: 1-phase, output: 24 V DC / 1.3 A",230,AC,0.2,5.9,Jun-16,14,2.5,24,1.3,30,-,2,14,2.5,3.1,90.7,22.5 X 99 X 90,"UL, SIQ",-25…+70,"Class I, Division 2, Groups A, B, C, D"
Phoenix Contact,2904597,"Primary-switched power supply unit, QUINT POWER, Screw connection, DIN rail mounting, input: 1-phase, output: 24 V DC / 1.3 A",110,DC,0.4,5.9,Jun-16,16,1.5,24,1.3,30,-,2,14,2.5,-,-,22.5 X 99 X 90,"UL, SIQ",-25…+70,"Class I, Division 2, Groups A, B, C, D"
Phoenix Contact,2904613,"Primary-switched power supply unit, QUINT POWER, Screw connection, input: 1-phase, output: 110 V DC / 4 A",120,AC,5,11,Oct-16,14,2.5,110,4,440,0.94,4,14,2.5,31,93.5,70 X 130 X 125,"UL,CSA,SIQ",-25…+70,"Class I, Division 2, Groups A, B, C, D"
Phoenix Contact,2904613,"Primary-switched power supply unit, QUINT POWER, Screw connection, input: 1-phase, output: 110 V DC / 4 A",230,AC,2.6,11,Oct-16,14,2.5,110,4,440,0.94,4,14,2.5,25,94.7,70 X 130 X 125,"UL,CSA,SIQ",-25…+70,"Class I, Division 2, Groups A, B, C, D"
Phoenix Contact,2904613,"Primary-switched power supply unit, QUINT POWER, Screw connection, input: 1-phase, output: 110 V DC / 4 A",110,DC,5.6,11,Oct-16,16,1.5,110,4,440,0.94,4,14,2.5,-,-,70 X 130 X 125,"UL,CSA,SIQ",-25…+70,"Class I, Division 2, Groups A, B, C, D"
Phoenix Contact,2909577,"Primary-switched power supply unit, QUINT POWER, Push-in connection, DIN rail mounting, input: 1-phase, output: 24 V DC / 3.8 A",120,AC,0.83,13,Jun-16,14,2.5,24,3.8,90,-,4,14,2.5,7,92.8,45 X 106 X 90,"UL,SIQ",-25…+70,"Class I, Division 2, Groups A, B, C, D"
Phoenix Contact,2909577,"Primary-switched power supply unit, QUINT POWER, Push-in connection, DIN rail mounting, input: 1-phase, output: 24 V DC / 3.8 A",230,AC,0.46,13,Jun-16,14,2.5,24,3.8,90,-,4,14,2.5,6,93.7,45 X 106 X 90,"UL,SIQ",-25…+70,"Class I, Division 2, Groups A, B, C, D"
Phoenix Contact,2909577,"Primary-switched power supply unit, QUINT POWER, Push-in connection, DIN rail mounting, input: 1-phase, output: 24 V DC / 3.8 A",110,DC,0.91,13,Jun-16,16,1.5,24,3.8,90,-,4,14,2.5,-,-,45 X 106 X 90,"UL,SIQ",-25…+70,"Class I, Division 2, Groups A, B, C, D"
Phoenix Contact,2909576,"Primary-switched power supply unit, QUINT POWER, Push-in connection, DIN rail mounting, input: 1-phase, output: 24 V DC / 2.5 A",120,AC,0.7,4.3,4,14,2.5,24,2.5,60,-,3,14,2.5,5,91.9,32 X 106 X 90,"UL,SIQ",-25…+70,"Class I, Division 2, Groups A, B, C, D"
Phoenix Contact,2909576,"Primary-switched power supply unit, QUINT POWER, Push-in connection, DIN rail mounting, input: 1-phase, output: 24 V DC / 2.5 A",230,AC,0.39,4.3,4,14,2.5,24,2.5,60,-,3,14,2.5,5,92.6,32 X 106 X 90,"UL,SIQ",-25…+70,"Class I, Division 2, Groups A, B, C, D"
Phoenix Contact,2909576,"Primary-switched power supply unit, QUINT POWER, Push-in connection, DIN rail mounting, input: 1-phase, output: 24 V DC / 2.5 A",110,DC,0.75,4.3,4,16,1.5,24,2.5,60,-,3,14,2.5,-,-,32 X 106 X 90,"UL,SIQ",-25…+70,"Class I, Division 2, Groups A, B, C, D"
Phoenix Contact,2904610,"Primary-switched QUINT POWER power supply for DIN rail mounting with free choice of output characteristic curve and SFB (Selective Fuse Breaking) technology, input: 1-phase, output: 48 V DC / 5 A",120,AC,2.8,16,Oct-16,14,2.5,48,5,240,-,5,14,2.5,19,92.3,50 X 130 X 125,"UL,CSA",-25…+70,"Class I, Division 2, Groups A, B, C, D"
Phoenix Contact,2904610,"Primary-switched QUINT POWER power supply for DIN rail mounting with free choice of output characteristic curve and SFB (Selective Fuse Breaking) technology, input: 1-phase, output: 48 V DC / 5 A",230,AC,1.5,16,Oct-16,14,2.5,48,5,240,-,5,14,2.5,16,93.5,50 X 130 X 125,"UL,CSA",-25…+70,"Class I, Division 2, Groups A, B, C, D"
Phoenix Contact,2904610,"Primary-switched QUINT POWER power supply for DIN rail mounting with free choice of output characteristic curve and SFB (Selective Fuse Breaking) technology, input: 1-phase, output: 48 V DC / 5 A",110,DC,3,16,Oct-16,16,1.5,48,5,240,-,5,14,2.5,-,-,50 X 130 X 125,"UL,CSA",-25…+70,"Class I, Division 2, Groups A, B, C, D"
Phoenix Contact,2909575,"Primary-switched power supply unit, QUINT POWER, Push-in connection, DIN rail mounting, input: 1-phase, output: 24 V DC / 1.3 A",120,AC,0.37,5.9,4,14,2.5,24,1.3,30,-,2,14,2.5,3.7,89.2,22.5 X 106 X 90,"UL,SIQ",-25…+70,"Class I, Division 2, Groups A, B, C, D"
Phoenix Contact,2909575,"Primary-switched power supply unit, QUINT POWER, Push-in connection, DIN rail mounting, input: 1-phase, output: 24 V DC / 1.3 A",230,AC,0.2,5.9,4,14,2.5,24,1.3,30,-,2,14,2.5,3.1,90.7,22.5 X 106 X 90,"UL,SIQ",-25…+70,"Class I, Division 2, Groups A, B, C, D"
Phoenix Contact,2909575,"Primary-switched power supply unit, QUINT POWER, Push-in connection, DIN rail mounting, input: 1-phase, output: 24 V DC / 1.3 A",110,DC,0.4,5.9,4,16,1.5,24,1.3,30,-,2,14,2.5,-,-,22.5 X 106 X 90,"UL,SIQ",-25…+70,"Class I, Division 2, Groups A, B, C, D"
Phoenix Contact,2904626,"Primary-switched QUINT POWER power supply with free choice of output characteristic curve, SFB (selective fuse breaking) technology, NFC interface, and protective coating, input: 1-phase, output: 48 V DC / 10 A",120,AC,5.5,11,Oct-16,14,2.5,48,10,480,-,10,14,2.5,36,94,70 X 130 X 125,"UL,CSA,SIQ",-25…+70,"Class I, Division 2, Groups A, B, C, D"
Phoenix Contact,2904626,"Primary-switched QUINT POWER power supply with free choice of output characteristic curve, SFB (selective fuse breaking) technology, NFC interface, and protective coating, input: 1-phase, output: 48 V DC / 10 A",230,AC,2.8,11,Oct-16,14,2.5,48,10,480,-,10,14,2.5,28,95,70 X 130 X 125,"UL,CSA,SIQ",-25…+70,"Class I, Division 2, Groups A, B, C, D"
Phoenix Contact,2904626,"Primary-switched QUINT POWER power supply with free choice of output characteristic curve, SFB (selective fuse breaking) technology, NFC interface, and protective coating, input: 1-phase, output: 48 V DC / 10 A",110,DC,6,11,Oct-16,16,1.5,48,10,480,-,10,14,2.5,-,-,70 X 130 X 125,"UL,CSA,SIQ",-25…+70,"Class I, Division 2, Groups A, B, C, D"
Phoenix Contact,2904611,"Primary-switched QUINT POWER power supply for DIN rail mounting with free choice of output characteristic curve and SFB (Selective Fuse Breaking) technology, input: 1-phase, output: 48 V DC / 10 A",120,AC,5.5,11,Oct-16,14,2.5,48,10,480,-,10,14,2.5,36,94,70 X 130 X 125,"UL,CSA",-25…+70,"Class I, Division 2, Groups A, B, C, D"
Phoenix Contact,2904611,"Primary-switched QUINT POWER power supply for DIN rail mounting with free choice of output characteristic curve and SFB (Selective Fuse Breaking) technology, input: 1-phase, output: 48 V DC / 10 A",230,AC,2.8,11,Oct-16,14,2.5,48,10,480,-,10,14,2.5,28,95,70 X 130 X 125,"UL,CSA",-25…+70,"Class I, Division 2, Groups A, B, C, D"
Phoenix Contact,2904611,"Primary-switched QUINT POWER power supply for DIN rail mounting with free choice of output characteristic curve and SFB (Selective Fuse Breaking) technology, input: 1-phase, output: 48 V DC / 10 A",110,DC,6,11,Oct-16,16,1.5,48,10,480,-,10,14,2.5,-,-,70 X 130 X 125,"UL,CSA",-25…+70,"Class I, Division 2, Groups A, B, C, D"
Phoenix Contact,2904599,"Primary-switched power supply unit, QUINT POWER, Screw connection, DIN rail mounting, input: 1-phase, output: 24 V DC / 3.8 A",120,AC,0.83,6.4,Jun-16,14,2.5,24,3.8,90,-,4,14,2.5,7,92.8,45 X 99 X 90,"UL,SIQ",-25…+70,"Class I, Division 2, Groups A, B, C, D"
Phoenix Contact,2904599,"Primary-switched power supply unit, QUINT POWER, Screw connection, DIN rail mounting, input: 1-phase, output: 24 V DC / 3.8 A",230,AC,0.46,6.4,Jun-16,14,2.5,24,3.8,90,-,4,14,2.5,6,93.7,45 X 99 X 90,"UL,SIQ",-25…+70,"Class I, Division 2, Groups A, B, C, D"
Phoenix Contact,2904599,"Primary-switched power supply unit, QUINT POWER, Screw connection, DIN rail mounting, input: 1-phase, output: 24 V DC / 3.8 A",110,DC,0.91,6.4,Jun-16,16,1.5,24,3.8,90,-,4,14,2.5,-,-,45 X 99 X 90,"UL,SIQ",-25…+70,"Class I, Division 2, Groups A, B, C, D"
Phoenix Contact,2904612,"QUINT POWER primary-switched power supply with free choice of output characteristic curve, SFB (Selective Fuse Breaking) Technology, and NFC interface, input: 1-phase, output: 48 V DC/20 A",120,AC,13.6,12,16-20,14,2.5,48,20,960,-,20,14,2.5,51,95.2,120 X 130 X 140,"UL,CSA,SIQ",-25…+70,"Class I, Division 2, Groups A, B, C, D"
Phoenix Contact,2904612,"QUINT POWER primary-switched power supply with free choice of output characteristic curve, SFB (Selective Fuse Breaking) Technology, and NFC interface, input: 1-phase, output: 48 V DC/20 A",230,AC,5.4,12,16-20,14,2.5,48,20,960,-,20,14,2.5,41,96.2,120 X 130 X 140,"UL,CSA,SIQ",-25…+70,"Class I, Division 2, Groups A, B, C, D"
Phoenix Contact,2904612,"QUINT POWER primary-switched power supply with free choice of output characteristic curve, SFB (Selective Fuse Breaking) Technology, and NFC interface, input: 1-phase, output: 48 V DC/20 A",110,DC,12,12,16-20,16,1.5,48,20,960,-,20,14,2.5,-,-,120 X 130 X 140,"UL,CSA,SIQ",-25…+70,"Class I, Division 2, Groups A, B, C, D"
Phoenix Contact,2866763,"Primary-switched power supply unit, QUINT POWER, Screw connection, DIN rail mounting, SFB Technology (Selective Fuse Breaking), input: 1-phase, output: 24 V DC / 10 A",120,AC,2.2,<15,Oct-20,14,2.5,24,10,240,0.85,10,14,2.5,22,92.5,60 X 130 X 125,"UL,CSA,SIQ",-25…+70,"Class I, Division 2, Groups A, B, C, D"
Phoenix Contact,2866763,"Primary-switched power supply unit, QUINT POWER, Screw connection, DIN rail mounting, SFB Technology (Selective Fuse Breaking), input: 1-phase, output: 24 V DC / 10 A",230,AC,1.3,<15,Oct-20,14,2.5,24,10,240,0.85,10,14,2.5,22,92.5,60 X 130 X 125,"UL,CSA,SIQ",-25…+70,"Class I, Division 2, Groups A, B, C, D"
Phoenix Contact,2866763,"Primary-switched power supply unit, QUINT POWER, Screw connection, DIN rail mounting, SFB Technology (Selective Fuse Breaking), input: 1-phase, output: 24 V DC / 10 A",110,DC,2.5,<15,Oct-20,16,1.5,24,10,240,0.85,10,14,2.5,22,92.5,60 X 130 X 125,"UL,CSA,SIQ",-25…+70,"Class I, Division 2, Groups A, B, C, D"
Phoenix Contact,2866789,"Primary-switched power supply unit, QUINT POWER, Screw connection, DIN rail mounting, SFB Technology (Selective Fuse Breaking), input: 1-phase, output: 24 V DC / 40 A",120,AC,8.8,<15,16-20,14,2.5,24,40,960,-,40,14,10,80,92,180 X 130 X 125,"UL,CSA",-25…+70,"Class I, Division 2, Groups A, B, C, D"
Phoenix Contact,2866789,"Primary-switched power supply unit, QUINT POWER, Screw connection, DIN rail mounting, SFB Technology (Selective Fuse Breaking), input: 1-phase, output: 24 V DC / 40 A",230,AC,4.6,<15,16-20,14,2.5,24,40,960,-,40,14,10,80,92,180 X 130 X 125,"UL,CSA",-25…+70,"Class I, Division 2, Groups A, B, C, D"
Phoenix Contact,2866789,"Primary-switched power supply unit, QUINT POWER, Screw connection, DIN rail mounting, SFB Technology (Selective Fuse Breaking), input: 1-phase, output: 24 V DC / 40 A",110,DC,9.5,<15,16-20,16,1.5,24,40,960,-,40,14,10,80,92,180 X 130 X 125,"UL,CSA",-25…+70,"Class I, Division 2, Groups A, B, C, D"
Phoenix Contact,2866747,"Primary-switched power supply unit, QUINT POWER, Screw connection, SFB Technology (Selective Fuse Breaking), input: 1-phase, output: 24 V DC / 3.5 A",120,AC,1.4,<20,Jun-20,14,2.5,24,3.5,84,-,4,14,2.5,11,88,122 X 130 X 35,"UL,CSA,DNV GL",-25…+70,"Class I, Division 2, Groups A, B, C, D"
Phoenix Contact,2866747,"Primary-switched power supply unit, QUINT POWER, Screw connection, SFB Technology (Selective Fuse Breaking), input: 1-phase, output: 24 V DC / 3.5 A",230,AC,0.8,<20,Jun-20,14,2.5,24,3.5,84,-,4,14,2.5,11,88,122 X 130 X 35,"UL,CSA,DNV GL",-25…+70,"Class I, Division 2, Groups A, B, C, D"
Phoenix Contact,2866747,"Primary-switched power supply unit, QUINT POWER, Screw connection, SFB Technology (Selective Fuse Breaking), input: 1-phase, output: 24 V DC / 3.5 A",110,DC,0.9,<20,Jun-20,16,1.5,24,3.5,84,-,4,14,2.5,11,88,122 X 130 X 35,"UL,CSA,DNV GL",-25…+70,"Class I, Division 2, Groups A, B, C, D"
Phoenix Contact,2904598,"Primary-switched power supply unit, QUINT POWER, Screw connection, DIN rail mounting, input: 1-phase, output: 24 V DC / 2.5 A",120,AC,0.7,4.3,Jun-16,14,2.5,24,2.5,60,-,3,14,2.5,5,91.9,32 X 99 X 90,"UL,SIQ",-25…+70,"Class I, Division 2, Groups A, B, C, D"
Phoenix Contact,2904598,"Primary-switched power supply unit, QUINT POWER, Screw connection, DIN rail mounting, input: 1-phase, output: 24 V DC / 2.5 A",230,AC,0.39,4.3,Jun-16,14,2.5,24,2.5,60,-,3,14,2.5,5,92.6,32 X 99 X 90,"UL,SIQ",-25…+70,"Class I, Division 2, Groups A, B, C, D"
Phoenix Contact,2904598,"Primary-switched power supply unit, QUINT POWER, Screw connection, DIN rail mounting, input: 1-phase, output: 24 V DC / 2.5 A",110,DC,0.75,4.3,Jun-16,16,1.5,24,2.5,60,-,3,14,2.5,-,-,32 X 99 X 90,"UL,SIQ",-25…+70,"Class I, Division 2, Groups A, B, C, D"
Phoenix Contact,2320911,"Primary-switched power supply unit, QUINT POWER, Screw connection, DIN rail mounting, SFB Technology (Selective Fuse Breaking), input: 1-phase, output: 24 V DC / 10 A",120,AC,2.2,<15,Oct-20,14,2.5,24,10,240,-,10,14,2.5,22,92.5,60 X 130 X 125,"ATEX,IECEx,UL,CSA,SIQ",-40…+70,"Class I, Division 2, Groups A, B, C, D"
Phoenix Contact,2320911,"Primary-switched power supply unit, QUINT POWER, Screw connection, DIN rail mounting, SFB Technology (Selective Fuse Breaking), input: 1-phase, output: 24 V DC / 10 A",230,AC,1.3,<15,Oct-20,14,2.5,24,10,240,-,10,14,2.5,22,92.5,60 X 130 X 125,"ATEX,IECEx,UL,CSA,SIQ",-40…+70,"Class I, Division 2, Groups A, B, C, D"
Phoenix Contact,2320911,"Primary-switched power supply unit, QUINT POWER, Screw connection, DIN rail mounting, SFB Technology (Selective Fuse Breaking), input: 1-phase, output: 24 V DC / 10 A",110,DC,3.4,<15,Oct-20,16,1.5,24,10,240,-,10,14,2.5,22,92.5,60 X 130 X 125,"ATEX,IECEx,UL,CSA,SIQ",-40…+70,"Class I, Division 2, Groups A, B, C, D"
Phoenix Contact,2320908,"Primary-switched power supply unit, QUINT POWER, Screw connection, DIN rail mounting, SFB Technology (Selective Fuse Breaking), input: 1-phase, output: 24 V DC / 5 A",120,AC,1.2,<15,Jun-16,14,2.5,24,5,120,-,5,14,2.5,15,90,40 X 130 X 125,"ATEX,IECEx,UL,CSA,SIQ,DNV GL",-40…+70,"Class I, Division 2, Groups A, B, C, D"
Phoenix Contact,2320908,"Primary-switched power supply unit, QUINT POWER, Screw connection, DIN rail mounting, SFB Technology (Selective Fuse Breaking), input: 1-phase, output: 24 V DC / 5 A",230,AC,0.6,<15,Jun-16,14,2.5,24,5,120,-,5,14,2.5,15,90,40 X 130 X 125,"ATEX,IECEx,UL,CSA,SIQ,DNV GL",-40…+70,"Class I, Division 2, Groups A, B, C, D"
Phoenix Contact,2320908,"Primary-switched power supply unit, QUINT POWER, Screw connection, DIN rail mounting, SFB Technology (Selective Fuse Breaking), input: 1-phase, output: 24 V DC / 5 A",110,DC,1.3,<15,Jun-16,16,1.5,24,5,120,-,5,14,2.5,15,90,40 X 130 X 125,"ATEX,IECEx,UL,CSA,SIQ,DNV GL",-40…+70,"Class I, Division 2, Groups A, B, C, D"
PULS,CP5.242,"Power Supply, 24-28V DC, 120 W, 120/240V AC / 110-300V DC Input Voltage",120,AC,1.09,5,6,14,2.5,24,5,120,0.98,5,14,2.5,8.2,93.6,32 X 124 X 102,"UL, ATEX, IECEx",-25°C to +70°C,Class I Div. 2
PULS,CP5.242,"Power Supply, 24-28V DC, 120 W, 120/240V AC / 110-300V DC Input Voltage",230,AC,0.6,6,6,14,2.5,24,5,120,0.91,5,14,2.5,7.3,94.3,32 X 124 X 102,"UL, ATEX, IECEx",-25°C to +70°C,Class I Div. 2
PULS,CP5.242,"Power Supply, 24-28V DC, 120 W, 120/240V AC / 110-300V DC Input Voltage",110,DC,1.21,,6,16,1.5,24,5,120,,5,14,2.5,-,-,32 X 124 X 102,"UL, ATEX, IECEx",-25°C to +70°C,Class I Div. 2
PULS,CP10.122,"Power Supply, 12-15V DC, 192 W, 120/240V AC / 110-300V DC Input Voltage",120,AC,1.74,6,6,14,2.5,12,16,192,0.99,16,14,2.5,14.9,92.8,39 X 124 X 117,"UL, ATEX, IECEx, DNV",-25°C to +70°C,Class I Div. 2
PULS,CP10.122,"Power Supply, 12-15V DC, 192 W, 120/240V AC / 110-300V DC Input Voltage",230,AC,0.92,9,6,14,2.5,12,16,192,0.96,16,14,2.5,11.6,94.3,39 X 124 X 117,"UL, ATEX, IECEx, DNV",-25°C to +70°C,Class I Div. 2
PULS,CP10.122,"Power Supply, 12-15V DC, 192 W, 120/240V AC / 110-300V DC Input Voltage",110,DC,1.9,,6,16,1.5,12,16,192,,16,14,2.5,-,-,39 X 124 X 117,"UL, ATEX, IECEx, DNV",-25°C to +70°C,Class I Div. 2
PULS,CP10.242,"Power Supply, 24-28V DC, 240 W, 120/240V AC / 110-300V DC Input Voltage",120,AC,2.15,6,6,14,2.5,24,10,240,0.99,10,14,2.5,16.4,93.6,39 X 124 X 117,"UL, ATEX, IECEx, DNV",-25°C to +70°C,Class I Div. 2
PULS,CP10.242,"Power Supply, 24-28V DC, 240 W, 120/240V AC / 110-300V DC Input Voltage",230,AC,1.13,9,6,14,2.5,24,10,240,0.97,10,14,2.5,12.1,95.2,39 X 124 X 117,"UL, ATEX, IECEx, DNV",-25°C to +70°C,Class I Div. 2
PULS,CP10.242,"Power Supply, 24-28V DC, 240 W, 120/240V AC / 110-300V DC Input Voltage",110,DC,2.35,,6,16,1.5,24,10,240,,10,14,2.5,-,-,39 X 124 X 117,"UL, ATEX, IECEx, DNV",-25°C to +70°C,Class I Div. 2
PULS,CP20.242,"Power Supply, 24-28V DC, 480 W, 120/240V AC / 110-300V DC Input Voltage",120,AC,4.26,10,10,14,2.5,24,20,480,0.996,20,14,2.5,29.6,94.2,48 X 124 X 127,UL,-25°C to +70°C,Class I Div. 2
PULS,CP20.242,"Power Supply, 24-28V DC, 480 W, 120/240V AC / 110-300V DC Input Voltage",230,AC,2.23,4.5,10,14,2.5,24,20,480,0.98,20,14,2.5,22.1,95.6,48 X 124 X 127,UL,-25°C to +70°C,Class I Div. 2
PULS,CP20.242,"Power Supply, 24-28V DC, 480 W, 120/240V AC / 110-300V DC Input Voltage",110,DC,4.64,,10,16,1.5,24,20,480,,20,14,2.5,-,-,48 X 124 X 127,UL,-25°C to +70°C,Class I Div. 2
PULS,CS3.241,"Power Supply, 24-28V DC, 80 W, 120/240V AC / 110-300V DC Input Voltage",120,AC,1.23,23,6,14,2.5,24,3.3,80,0.61,4,14,2.5,11.1,88,32 X 124 X 102,"UL, NEC, CE, GL",-25°C to +70°C,Class I Div. 2
PULS,CS3.241,"Power Supply, 24-28V DC, 80 W, 120/240V AC / 110-300V DC Input Voltage",230,AC,0.68,45,6,14,2.5,24,3.3,80,0.56,4,14,2.5,9.1,89.8,32 X 124 X 102,"UL, NEC, CE, GL",-25°C to +70°C,Class I Div. 2
PULS,CS3.241,"Power Supply, 24-28V DC, 80 W, 120/240V AC / 110-300V DC Input Voltage",110,DC,0.81,,6,16,1.5,24,3.3,80,,4,14,2.5,-,-,32 X 124 X 102,"UL, NEC, CE, GL",-25°C to +70°C,Class I Div. 2
PULS,ML15.121,"Power Supply, 12-15V DC, 15 W, 120/240V AC / 110-300V DC Input Voltage",120,AC,0.28,16,3,14,2.5,12,1.3,15,0.51,2,14,2.5,3.2,83,22.5 X 75 X 91,"UL, IECEE, CE, NEC",-10°C to +70°C,Class I Div. 2
PULS,ML15.121,"Power Supply, 12-15V DC, 15 W, 120/240V AC / 110-300V DC Input Voltage",230,AC,0.17,31,3,14,2.5,12,1.3,15,0.44,2,14,2.5,3.1,82.5,22.5 X 75 X 91,"UL, IECEE, CE, NEC",-10°C to +70°C,Class I Div. 2
PULS,ML15.121,"Power Supply, 12-15V DC, 15 W, 120/240V AC / 110-300V DC Input Voltage",110,DC,0.16,,3,16,1.5,12,1.3,15,,2,14,2.5,-,-,22.5 X 75 X 91,"UL, IECEE, CE, NEC",-10°C to +70°C,Class I Div. 2
PULS,ML15.241,"Power Supply, 24-28V DC, 15 W, 120/240V AC / 110-300V DC Input Voltage",120,AC,0.28,16,3,14,2.5,24,0.63,15,0.51,1,14,2.5,2.5,86.1,22.5 X 75 X 91,"UL, CE, NEC",-10°C to +70°C,Class I Div. 2
PULS,ML15.241,"Power Supply, 24-28V DC, 15 W, 120/240V AC / 110-300V DC Input Voltage",230,AC,0.17,31,3,14,2.5,24,0.63,15,0.44,1,14,2.5,2.7,85.1,22.5 X 75 X 91,"UL, CE, NEC",-10°C to +70°C,Class I Div. 2
PULS,ML15.241,"Power Supply, 24-28V DC, 15 W, 120/240V AC / 110-300V DC Input Voltage",110,DC,0.16,,3,16,1.5,24,0.63,15,,1,14,2.5,-,-,22.5 X 75 X 91,"UL, CE, NEC",-10°C to +70°C,Class I Div. 2
PULS,ML30.241,"Power Supply, 24-28V DC, 30 W, 120/240V AC / 110-300V DC Input Voltage",120,AC,0.54,18,3,14,2.5,24,1.3,30,0.52,2,14,2.5,4.1,88.5,23 X 75 X 91,"UL, CB, NEC, CE",-10°C to +70°C,Class I Div. 2
PULS,ML30.241,"Power Supply, 24-28V DC, 30 W, 120/240V AC / 110-300V DC Input Voltage",230,AC,0.3,35,3,14,2.5,24,1.3,30,0.49,2,14,2.5,3.7,89.4,23 X 75 X 91,"UL, CB, NEC, CE",-10°C to +70°C,Class I Div. 2
PULS,ML30.241,"Power Supply, 24-28V DC, 30 W, 120/240V AC / 110-300V DC Input Voltage",110,DC,0.31,,3,16,1.5,24,1.3,30,,2,14,2.5,-,-,23 X 75 X 91,"UL, CB, NEC, CE",-10°C to +70°C,Class I Div. 2
PULS,ML50.100,"Power Supply, 24-28V DC, 50 W, 120/240V AC / 110-300V DC Input Voltage",120,AC,0.77,17,6,14,2.5,24,2.1,50,0.56,3,14,2.5,6.6,88.4,45 X 75 X 91,"UL, GL, NEC, CE",-10°C to +70°C,Class I Div. 2
PULS,ML50.100,"Power Supply, 24-28V DC, 50 W, 120/240V AC / 110-300V DC Input Voltage",230,AC,0.44,35,6,14,2.5,24,2.1,50,0.52,3,14,2.5,6.2,89,45 X 75 X 91,"UL, GL, NEC, CE",-10°C to +70°C,Class I Div. 2
PULS,ML50.100,"Power Supply, 24-28V DC, 50 W, 120/240V AC / 110-300V DC Input Voltage",110,DC,0.5,,6,16,1.5,24,2.1,50,,3,14,2.5,-,-,45 X 75 X 91,"UL, GL, NEC, CE",-10°C to +70°C,Class I Div. 2
PULS,ML50.109,"Power Supply, 24-28V DC, 50 W, 120/240V AC / 110-300V DC Input Voltage",120,AC,0.77,17,6,14,2.5,24,2.1,50,0.56,3,14,2.5,6.6,88.4,45 X 75 X 91,"UL, GL, NEC, CE",-10°C to +70°C,Class I Div. 2
PULS,ML50.109,"Power Supply, 24-28V DC, 50 W, 120/240V AC / 110-300V DC Input Voltage",230,AC,0.44,35,6,14,2.5,24,2.1,50,0.52,3,14,2.5,6.2,89,45 X 75 X 91,"UL, GL, NEC, CE",-10°C to +70°C,Class I Div. 2
PULS,ML50.109,"Power Supply, 24-28V DC, 50 W, 120/240V AC / 110-300V DC Input Voltage",110,DC,0.5,,6,16,1.5,24,2.1,50,,3,14,2.5,-,-,45 X 75 X 91,"UL, GL, NEC, CE",-10°C to +70°C,Class I Div. 2
PULS,ML60.121,"Power Supply, 12-15V DC, 54 W, 120/240V AC / 110-300V DC Input Voltage",120,AC,0.91,16,6,14,2.5,12,4.5,54,0.58,5,14,2.5,9.3,85.3,45 X 75 X 91,"UL, DNV GL, NEC, CE",-10°C to +70°C,Class I Div. 2
PULS,ML60.121,"Power Supply, 12-15V DC, 54 W, 120/240V AC / 110-300V DC Input Voltage",230,AC,0.54,32,6,14,2.5,12,4.5,54,0.5,5,14,2.5,7.9,87.2,45 X 75 X 91,"UL, DNV GL, NEC, CE",-10°C to +70°C,Class I Div. 2
PULS,ML60.121,"Power Supply, 12-15V DC, 54 W, 120/240V AC / 110-300V DC Input Voltage",110,DC,0.57,,6,16,1.5,12,4.5,54,,5,14,2.5,-,-,45 X 75 X 91,"UL, DNV GL, NEC, CE",-10°C to +70°C,Class I Div. 2
PULS,ML60.122,"Power Supply, 12-15V DC, 54 W, 120/240V AC / 110-300V DC Input Voltage",120,AC,0.97,6,3,14,2.5,12,4.5,54,0.54,5,14,2.5,8.9,85.8,45 X 75 X 91,"UL, DNV GL, NEC, CE",-40°C to +70°C,Class I Div. 2
PULS,ML60.122,"Power Supply, 12-15V DC, 54 W, 120/240V AC / 110-300V DC Input Voltage",230,AC,0.61,,3,14,2.5,12,4.5,54,0.44,5,14,2.5,7.6,87.6,45 X 75 X 91,"UL, DNV GL, NEC, CE",-40°C to +70°C,Class I Div. 2
PULS,ML60.122,"Power Supply, 12-15V DC, 54 W, 120/240V AC / 110-300V DC Input Voltage",110,DC,0.57,,3,16,1.5,12,4.5,54,,5,14,2.5,-,-,45 X 75 X 91,"UL, DNV GL, NEC, CE",-40°C to +70°C,Class I Div. 2
PULS,ML60.241,"Power Supply, 24-28V DC, 60 W, 120/240V AC / 110-300V DC Input Voltage",120,AC,0.98,16,6,14,2.5,24,2.5,60,0.58,3,14,2.5,8.3,87.8,45 X 75 X 91,"UL, DNV, NEC, CE",-10°C to +70°C,Class I Div. 2
PULS,ML60.241,"Power Supply, 24-28V DC, 60 W, 120/240V AC / 110-300V DC Input Voltage",230,AC,0.58,32,6,14,2.5,24,2.5,60,0.5,3,14,2.5,6.7,89.7,45 X 75 X 91,"UL, DNV, NEC, CE",-10°C to +70°C,Class I Div. 2
PULS,ML60.241,"Power Supply, 24-28V DC, 60 W, 120/240V AC / 110-300V DC Input Voltage",110,DC,0.62,,6,16,1.5,24,2.5,60,,3,14,2.5,-,-,45 X 75 X 91,"UL, DNV, NEC, CE",-10°C to +70°C,Class I Div. 2
PULS,ML60.242,"Power Supply, 24-28V DC, 60 W, 120/240V AC / 110-300V DC Input Voltage",120,AC,1.05,6,3,14,2.5,24,2.5,60,0.54,3,14,2.5,7.8,88.5,45 X 75 X 91,"UL, DNV GL, NEC, CE",-40°C to +70°C,Class I Div. 2
PULS,ML60.242,"Power Supply, 24-28V DC, 60 W, 120/240V AC / 110-300V DC Input Voltage",230,AC,0.66,,3,14,2.5,24,2.5,60,0.44,3,14,2.5,6.4,90.4,45 X 75 X 91,"UL, DNV GL, NEC, CE",-40°C to +70°C,Class I Div. 2
PULS,ML60.242,"Power Supply, 24-28V DC, 60 W, 120/240V AC / 110-300V DC Input Voltage",110,DC,0.62,,3,16,1.5,24,2.5,60,,3,14,2.5,-,-,45 X 75 X 91,"UL, DNV GL, NEC, CE",-40°C to +70°C,Class I Div. 2
PULS,QS3.241,"Power Supply, 24-28V DC, 80 W, 120/240V AC / 110-300V DC Input Voltage",120,AC,1.42,5,6,14,2.5,24,3.4,80,0.53,4,14,2.5,10.4,88.7,32 X 124 X 102,"UL, DNV, ABS",-25°C to +70°C,Class I Div. 2
PULS,QS3.241,"Power Supply, 24-28V DC, 80 W, 120/240V AC / 110-300V DC Input Voltage",230,AC,0.82,10,6,14,2.5,24,3.4,80,0.47,4,14,2.5,9.1,90,32 X 124 X 102,"UL, DNV, ABS",-25°C to +70°C,Class I Div. 2
PULS,QS3.241,"Power Supply, 24-28V DC, 80 W, 120/240V AC / 110-300V DC Input Voltage",110,DC,0.8,,6,16,1.5,24,3.4,80,,4,14,2.5,-,-,32 X 124 X 102,"UL, DNV, ABS",-25°C to +70°C,Class I Div. 2
PULS,QS5.241,"Power Supply, 24-28V DC, 120 W, 120/240V AC / 110-300V DC Input Voltage",120,AC,1.1,9,3,14,2.5,24,5,120,0.99,5,14,2.5,11,91.6,40 X 124 X 117,"UL, DNV, ABS",-25°C to +70°C,Class I Div. 2
PULS,QS5.241,"Power Supply, 24-28V DC, 120 W, 120/240V AC / 110-300V DC Input Voltage",230,AC,0.62,11,3,14,2.5,24,5,120,0.91,5,14,2.5,9.4,92.7,40 X 124 X 117,"UL, DNV, ABS",-25°C to +70°C,Class I Div. 2
PULS,QS5.241,"Power Supply, 24-28V DC, 120 W, 120/240V AC / 110-300V DC Input Voltage",110,DC,1.19,,3,16,1.5,24,5,120,,5,14,2.5,-,-,40 X 124 X 117,"UL, DNV, ABS",-25°C to +70°C,Class I Div. 2
PULS,QS5.241-A1,"Power Supply, 24-28V DC, 120 W, 120/240V AC / 110-300V DC Input Voltage",120,AC,1.1,9,3,14,2.5,24,5,120,0.99,5,14,2.5,11,91.6,40 X 124 X 117,"UL, DNV, ABS",-25°C to +70°C,Class I Div. 2
PULS,QS5.241-A1,"Power Supply, 24-28V DC, 120 W, 120/240V AC / 110-300V DC Input Voltage",230,AC,0.62,11,3,14,2.5,24,5,120,0.91,5,14,2.5,9.4,92.7,40 X 124 X 117,"UL, DNV, ABS",-25°C to +70°C,Class I Div. 2
PULS,QS5.241-A1,"Power Supply, 24-28V DC, 120 W, 120/240V AC / 110-300V DC Input Voltage",110,DC,1.19,,3,16,1.5,24,5,120,,5,14,2.5,-,-,40 X 124 X 117,"UL, DNV, ABS",-25°C to +70°C,Class I Div. 2
PULS,QS10.241-D1,"Power Supply, 24-28V DC, 240 W, 120/240V AC / 110-300V DC Input Voltage",120,AC,2.22,4,4,14,2.5,24,10,240,0.98,10,14,2.5,19.1,92.6,60 X 124 X 117,"UL, DNV GL, CE, IECEE, SEMI F47",-25°C to +70°C,Class I Div. 2
PULS,QS10.241-D1,"Power Supply, 24-28V DC, 240 W, 120/240V AC / 110-300V DC Input Voltage",230,AC,1.22,7,4,14,2.5,24,10,240,0.92,10,14,2.5,16.7,93.5,60 X 124 X 117,"UL, DNV GL, CE, IECEE, SEMI F48",-25°C to +70°C,Class I Div. 2
PULS,QS10.241-D1,"Power Supply, 24-28V DC, 240 W, 120/240V AC / 110-300V DC Input Voltage",110,DC,2.37,,4,16,1.5,24,10,240,,10,14,2.5,-,-,60 X 124 X 117,"UL, DNV GL, CE, IECEE, SEMI F49",-25°C to +70°C,Class I Div. 2
PULS,QS10.481-D1,"Power Supply, 48-56V DC, 240 W, 120/240V AC / 110-300V DC Input Voltage",120,AC,2.22,4,4,14,2.5,48,5,240,0.98,5,14,2.5,23.2,91.2,60 X 124 X 117,"UL, DNV GL, CE, IECEE, ABS",-25°C to +70°C,Class I Div. 2
PULS,QS10.481-D1,"Power Supply, 48-56V DC, 240 W, 120/240V AC / 110-300V DC Input Voltage",230,AC,1.22,7,4,14,2.5,48,5,240,0.92,5,14,2.5,20.9,92,60 X 124 X 117,"UL, DNV GL, CE, IECEE, ABS",-25°C to +70°C,Class I Div. 2
PULS,QS10.481-D1,"Power Supply, 48-56V DC, 240 W, 120/240V AC / 110-300V DC Input Voltage",110,DC,2.37,,4,16,1.5,48,5,240,,5,14,2.5,-,-,60 X 124 X 117,"UL, DNV GL, CE, IECEE, ABS",-25°C to +70°C,Class I Div. 2
PULS,FPS300.241-002-101,"Power Supply, 24-28V DC, 300 W, 120/240V AC / 110-300V DC Input Voltage",120,AC,3.2,3,6,14,2.5,24,12.5,300,0.99,13,14,2.5,22.4,94.2,182 X 183 X 59,"UL, CE, IECEE",-25°C to +70°C,Class I Div. 2
PULS,FPS300.241-002-101,"Power Supply, 24-28V DC, 300 W, 120/240V AC / 110-300V DC Input Voltage",230,AC,1.68,7,6,14,2.5,24,12.5,300,0.97,13,14,2.5,16.2,95.6,182 X 183 X 59,"UL, CE, IECEE",-25°C to +70°C,Class I Div. 2
PULS,FPS300.241-002-101,"Power Supply, 24-28V DC, 300 W, 120/240V AC / 110-300V DC Input Voltage",110,DC,2.9,,6,16,1.5,24,12.5,300,,13,14,2.5,-,-,182 X 183 X 59,"UL, CE, IECEE",-25°C to +70°C,Class I Div. 2
PULS,FPS300.245-016-101,"Power Supply, 24-28V DC, 300 W, 120/240V AC / 110-300V DC Input Voltage",120,AC,3.2,2.6,6,14,2.5,24,12.5,300,0.99,13,14,2.5,18.1,94.3,181 X 183 X 59,"UL, CE, CB",-25°C to +70°C,Class I Div. 2
PULS,FPS300.245-016-101,"Power Supply, 24-28V DC, 300 W, 120/240V AC / 110-300V DC Input Voltage",230,AC,1.68,6,6,14,2.5,24,12.5,300,0.97,13,14,2.5,13.5,95.7,181 X 183 X 59,"UL, CE, CB",-25°C to +70°C,Class I Div. 2
PULS,FPS300.245-016-101,"Power Supply, 24-28V DC, 300 W, 120/240V AC / 110-300V DC Input Voltage",110,DC,2.9,,6,16,1.5,24,12.5,300,,13,14,2.5,-,-,181 X 183 X 59,"UL, CE, CB",-25°C to +70°C,Class I Div. 2
PULS,FPS300.245-034-105,"Power Supply, 24-28V DC, 300 W, 120/240V AC / 110-300V DC Input Voltage",120,AC,3.2,2.66,6,14,2.5,24,12.5,300,0.99,13,14,2.5,18.1,94.3,181 X 183 X 59,"UL, CE, CB",-25°C to +70°C,Class I Div. 2
PULS,FPS300.245-034-105,"Power Supply, 24-28V DC, 300 W, 120/240V AC / 110-300V DC Input Voltage",230,AC,1.68,6,6,14,2.5,24,12.5,300,0.97,13,14,2.5,13.5,95.7,181 X 183 X 59,"UL, CE, CB",-25°C to +70°C,Class I Div. 2
PULS,FPS300.245-034-105,"Power Supply, 24-28V DC, 300 W, 120/240V AC / 110-300V DC Input Voltage",110,DC,2.9,,6,16,1.5,24,12.5,300,,13,14,2.5,-,-,181 X 183 X 59,"UL, CE, CB",-25°C to +70°C,Class I Div. 2
PULS,FPS300.245-047-103,"Power Supply, 24-28V DC, 300 W, 120/240V AC / 110-300V DC Input Voltage",120,AC,3.2,2.66,6,14,2.5,24,12.5,300,0.99,13,14,2.5,18.1,94.3,181 X 183 X 59,"UL, CE, CB",-25°C to +70°C,Class I Div. 2
PULS,FPS300.245-047-103,"Power Supply, 24-28V DC, 300 W, 120/240V AC / 110-300V DC Input Voltage",230,AC,1.68,6,6,14,2.5,24,12.5,300,0.97,13,14,2.5,13.5,95.7,181 X 183 X 59,"UL, CE, CB",-25°C to +70°C,Class I Div. 2
PULS,FPS300.245-047-103,"Power Supply, 24-28V DC, 300 W, 120/240V AC / 110-300V DC Input Voltage",110,DC,2.9,,6,16,1.5,24,12.5,300,,13,14,2.5,-,-,181 X 183 X 59,"UL, CE, CB",-25°C to +70°C,Class I Div. 2
